"LOCATION","INDICATOR","SUBJECT","MEASURE","FREQUENCY","TIME","Value","Flag Codes"
"AUS","AIREMISSION","SOX","KG_CAP","A","2000",123.387,
"AUS","AIREMISSION","SOX","KG_CAP","A","2001",134.678,
"AUS","AIREMISSION","SOX","KG_CAP","A","2002",143.058,
"AUS","AIREMISSION","SOX","KG_CAP","A","2003",141.408,
"AUS","AIREMISSION","SOX","KG_CAP","A","2004",126.392,
"AUS","AIREMISSION","SOX","KG_CAP","A","2005",124.901,
"AUS","AIREMISSION","SOX","KG_CAP","A","2006",120.948,
"AUS","AIREMISSION","SOX","KG_CAP","A","2007",116.867,
"AUS","AIREMISSION","SOX","KG_CAP","A","2008",117.752,
"AUS","AIREMISSION","SOX","KG_CAP","A","2009",119.444,
"AUS","AIREMISSION","SOX","KG_CAP","A","2010",107.345,
"AUS","AIREMISSION","SOX","KG_CAP","A","2011",111.239,
"AUS","AIREMISSION","SOX","KG_CAP","A","2012",109.946,
"AUS","AIREMISSION","SOX","KG_CAP","A","2013",103.821,
"AUS","AIREMISSION","SOX","KG_CAP","A","2014",105.946,
"AUS","AIREMISSION","SOX","KG_CAP","A","2015",99.641,
"AUS","AIREMISSION","SOX","KG_CAP","A","2016",101.618,
"AUS","AIREMISSION","SOX","KG_CAP","A","2017",93.007,
"AUS","AIREMISSION","SOX","KG_CAP","A","2018",85.188,
"AUT","AIREMISSION","SOX","KG_CAP","A","2000",3.904,
"AUT","AIREMISSION","SOX","KG_CAP","A","2001",3.999,
"AUT","AIREMISSION","SOX","KG_CAP","A","2002",3.848,
"AUT","AIREMISSION","SOX","KG_CAP","A","2003",3.802,
"AUT","AIREMISSION","SOX","KG_CAP","A","2004",3.224,
"AUT","AIREMISSION","SOX","KG_CAP","A","2005",3.133,
"AUT","AIREMISSION","SOX","KG_CAP","A","2006",3.222,
"AUT","AIREMISSION","SOX","KG_CAP","A","2007",2.807,
"AUT","AIREMISSION","SOX","KG_CAP","A","2008",2.425,
"AUT","AIREMISSION","SOX","KG_CAP","A","2009",1.756,
"AUT","AIREMISSION","SOX","KG_CAP","A","2010",1.896,
"AUT","AIREMISSION","SOX","KG_CAP","A","2011",1.788,
"AUT","AIREMISSION","SOX","KG_CAP","A","2012",1.735,
"AUT","AIREMISSION","SOX","KG_CAP","A","2013",1.676,
"AUT","AIREMISSION","SOX","KG_CAP","A","2014",1.676,
"AUT","AIREMISSION","SOX","KG_CAP","A","2015",1.599,
"AUT","AIREMISSION","SOX","KG_CAP","A","2016",1.511,
"AUT","AIREMISSION","SOX","KG_CAP","A","2017",1.445,
"AUT","AIREMISSION","SOX","KG_CAP","A","2018",1.312,
"BEL","AIREMISSION","SOX","KG_CAP","A","2000",16.525,
"BEL","AIREMISSION","SOX","KG_CAP","A","2001",15.924,
"BEL","AIREMISSION","SOX","KG_CAP","A","2002",15.034,
"BEL","AIREMISSION","SOX","KG_CAP","A","2003",14.539,
"BEL","AIREMISSION","SOX","KG_CAP","A","2004",14.721,
"BEL","AIREMISSION","SOX","KG_CAP","A","2005",13.504,
"BEL","AIREMISSION","SOX","KG_CAP","A","2006",12.535,
"BEL","AIREMISSION","SOX","KG_CAP","A","2007",11.457,
"BEL","AIREMISSION","SOX","KG_CAP","A","2008",8.781,
"BEL","AIREMISSION","SOX","KG_CAP","A","2009",6.755,
"BEL","AIREMISSION","SOX","KG_CAP","A","2010",5.439,
"BEL","AIREMISSION","SOX","KG_CAP","A","2011",4.759,
"BEL","AIREMISSION","SOX","KG_CAP","A","2012",4.217,
"BEL","AIREMISSION","SOX","KG_CAP","A","2013",3.803,
"BEL","AIREMISSION","SOX","KG_CAP","A","2014",3.578,
"BEL","AIREMISSION","SOX","KG_CAP","A","2015",3.606,
"BEL","AIREMISSION","SOX","KG_CAP","A","2016",3.498,
"BEL","AIREMISSION","SOX","KG_CAP","A","2017",3.35,
"BEL","AIREMISSION","SOX","KG_CAP","A","2018",3.299,
"CAN","AIREMISSION","SOX","KG_CAP","A","2000",78.33,
"CAN","AIREMISSION","SOX","KG_CAP","A","2001",76.929,
"CAN","AIREMISSION","SOX","KG_CAP","A","2002",74.939,
"CAN","AIREMISSION","SOX","KG_CAP","A","2003",72.093,
"CAN","AIREMISSION","SOX","KG_CAP","A","2004",71.73,
"CAN","AIREMISSION","SOX","KG_CAP","A","2005",67.436,
"CAN","AIREMISSION","SOX","KG_CAP","A","2006",60.517,
"CAN","AIREMISSION","SOX","KG_CAP","A","2007",58.251,
"CAN","AIREMISSION","SOX","KG_CAP","A","2008",52.066,
"CAN","AIREMISSION","SOX","KG_CAP","A","2009",43.683,
"CAN","AIREMISSION","SOX","KG_CAP","A","2010",39.931,
"CAN","AIREMISSION","SOX","KG_CAP","A","2011",36.914,
"CAN","AIREMISSION","SOX","KG_CAP","A","2012",36.145,
"CAN","AIREMISSION","SOX","KG_CAP","A","2013",35.263,
"CAN","AIREMISSION","SOX","KG_CAP","A","2014",33.613,
"CAN","AIREMISSION","SOX","KG_CAP","A","2015",29.656,
"CAN","AIREMISSION","SOX","KG_CAP","A","2016",28.935,
"CAN","AIREMISSION","SOX","KG_CAP","A","2017",26.094,
"CAN","AIREMISSION","SOX","KG_CAP","A","2018",21.911,
"CZE","AIREMISSION","SOX","KG_CAP","A","2000",22.644,
"CZE","AIREMISSION","SOX","KG_CAP","A","2001",22.267,
"CZE","AIREMISSION","SOX","KG_CAP","A","2002",21.79,
"CZE","AIREMISSION","SOX","KG_CAP","A","2003",21.328,
"CZE","AIREMISSION","SOX","KG_CAP","A","2004",21.006,
"CZE","AIREMISSION","SOX","KG_CAP","A","2005",20.317,
"CZE","AIREMISSION","SOX","KG_CAP","A","2006",20.072,
"CZE","AIREMISSION","SOX","KG_CAP","A","2007",20.469,
"CZE","AIREMISSION","SOX","KG_CAP","A","2008",16.311,
"CZE","AIREMISSION","SOX","KG_CAP","A","2009",16.086,
"CZE","AIREMISSION","SOX","KG_CAP","A","2010",15.548,
"CZE","AIREMISSION","SOX","KG_CAP","A","2011",15.857,
"CZE","AIREMISSION","SOX","KG_CAP","A","2012",15.135,
"CZE","AIREMISSION","SOX","KG_CAP","A","2013",13.716,
"CZE","AIREMISSION","SOX","KG_CAP","A","2014",12.694,
"CZE","AIREMISSION","SOX","KG_CAP","A","2015",12.199,
"CZE","AIREMISSION","SOX","KG_CAP","A","2016",10.838,
"CZE","AIREMISSION","SOX","KG_CAP","A","2017",10.329,
"CZE","AIREMISSION","SOX","KG_CAP","A","2018",9.048,
"DNK","AIREMISSION","SOX","KG_CAP","A","2000",6.071,
"DNK","AIREMISSION","SOX","KG_CAP","A","2001",5.56,
"DNK","AIREMISSION","SOX","KG_CAP","A","2002",5.278,
"DNK","AIREMISSION","SOX","KG_CAP","A","2003",6.537,
"DNK","AIREMISSION","SOX","KG_CAP","A","2004",5.309,
"DNK","AIREMISSION","SOX","KG_CAP","A","2005",4.835,
"DNK","AIREMISSION","SOX","KG_CAP","A","2006",5.556,
"DNK","AIREMISSION","SOX","KG_CAP","A","2007",4.975,
"DNK","AIREMISSION","SOX","KG_CAP","A","2008",3.807,
"DNK","AIREMISSION","SOX","KG_CAP","A","2009",2.752,
"DNK","AIREMISSION","SOX","KG_CAP","A","2010",2.713,
"DNK","AIREMISSION","SOX","KG_CAP","A","2011",2.467,
"DNK","AIREMISSION","SOX","KG_CAP","A","2012",2.199,
"DNK","AIREMISSION","SOX","KG_CAP","A","2013",2.209,
"DNK","AIREMISSION","SOX","KG_CAP","A","2014",1.834,
"DNK","AIREMISSION","SOX","KG_CAP","A","2015",1.679,
"DNK","AIREMISSION","SOX","KG_CAP","A","2016",1.754,
"DNK","AIREMISSION","SOX","KG_CAP","A","2017",1.784,
"DNK","AIREMISSION","SOX","KG_CAP","A","2018",1.874,
"FIN","AIREMISSION","SOX","KG_CAP","A","2000",15.613,
"FIN","AIREMISSION","SOX","KG_CAP","A","2001",17.366,
"FIN","AIREMISSION","SOX","KG_CAP","A","2002",17.48,
"FIN","AIREMISSION","SOX","KG_CAP","A","2003",19.6,
"FIN","AIREMISSION","SOX","KG_CAP","A","2004",16.13,
"FIN","AIREMISSION","SOX","KG_CAP","A","2005",13.139,
"FIN","AIREMISSION","SOX","KG_CAP","A","2006",15.924,
"FIN","AIREMISSION","SOX","KG_CAP","A","2007",15.621,
"FIN","AIREMISSION","SOX","KG_CAP","A","2008",12.727,
"FIN","AIREMISSION","SOX","KG_CAP","A","2009",11.145,
"FIN","AIREMISSION","SOX","KG_CAP","A","2010",12.511,
"FIN","AIREMISSION","SOX","KG_CAP","A","2011",11.207,
"FIN","AIREMISSION","SOX","KG_CAP","A","2012",9.41,
"FIN","AIREMISSION","SOX","KG_CAP","A","2013",8.884,
"FIN","AIREMISSION","SOX","KG_CAP","A","2014",7.909,
"FIN","AIREMISSION","SOX","KG_CAP","A","2015",7.631,
"FIN","AIREMISSION","SOX","KG_CAP","A","2016",7.235,
"FIN","AIREMISSION","SOX","KG_CAP","A","2017",6.44,
"FIN","AIREMISSION","SOX","KG_CAP","A","2018",6.047,
"FRA","AIREMISSION","SOX","KG_CAP","A","2000",10.624,
"FRA","AIREMISSION","SOX","KG_CAP","A","2001",9.529,
"FRA","AIREMISSION","SOX","KG_CAP","A","2002",8.715,
"FRA","AIREMISSION","SOX","KG_CAP","A","2003",8.279,
"FRA","AIREMISSION","SOX","KG_CAP","A","2004",7.915,
"FRA","AIREMISSION","SOX","KG_CAP","A","2005",7.499,
"FRA","AIREMISSION","SOX","KG_CAP","A","2006",6.991,
"FRA","AIREMISSION","SOX","KG_CAP","A","2007",6.653,
"FRA","AIREMISSION","SOX","KG_CAP","A","2008",5.518,
"FRA","AIREMISSION","SOX","KG_CAP","A","2009",4.68,
"FRA","AIREMISSION","SOX","KG_CAP","A","2010",4.38,
"FRA","AIREMISSION","SOX","KG_CAP","A","2011",3.716,
"FRA","AIREMISSION","SOX","KG_CAP","A","2012",3.57,
"FRA","AIREMISSION","SOX","KG_CAP","A","2013",3.303,
"FRA","AIREMISSION","SOX","KG_CAP","A","2014",2.59,
"FRA","AIREMISSION","SOX","KG_CAP","A","2015",2.47,
"FRA","AIREMISSION","SOX","KG_CAP","A","2016",2.174,
"FRA","AIREMISSION","SOX","KG_CAP","A","2017",2.159,
"FRA","AIREMISSION","SOX","KG_CAP","A","2018",2.097,
"DEU","AIREMISSION","SOX","KG_CAP","A","2000",7.99,
"DEU","AIREMISSION","SOX","KG_CAP","A","2001",7.725,
"DEU","AIREMISSION","SOX","KG_CAP","A","2002",6.941,
"DEU","AIREMISSION","SOX","KG_CAP","A","2003",6.602,
"DEU","AIREMISSION","SOX","KG_CAP","A","2004",6.092,
"DEU","AIREMISSION","SOX","KG_CAP","A","2005",5.848,
"DEU","AIREMISSION","SOX","KG_CAP","A","2006",5.838,
"DEU","AIREMISSION","SOX","KG_CAP","A","2007",5.645,
"DEU","AIREMISSION","SOX","KG_CAP","A","2008",5.597,
"DEU","AIREMISSION","SOX","KG_CAP","A","2009",4.886,
"DEU","AIREMISSION","SOX","KG_CAP","A","2010",5.012,
"DEU","AIREMISSION","SOX","KG_CAP","A","2011",4.812,
"DEU","AIREMISSION","SOX","KG_CAP","A","2012",4.589,
"DEU","AIREMISSION","SOX","KG_CAP","A","2013",4.434,
"DEU","AIREMISSION","SOX","KG_CAP","A","2014",4.163,
"DEU","AIREMISSION","SOX","KG_CAP","A","2015",4.105,
"DEU","AIREMISSION","SOX","KG_CAP","A","2016",3.786,
"DEU","AIREMISSION","SOX","KG_CAP","A","2017",3.647,
"DEU","AIREMISSION","SOX","KG_CAP","A","2018",3.473,
"GRC","AIREMISSION","SOX","KG_CAP","A","2000",47.98,
"GRC","AIREMISSION","SOX","KG_CAP","A","2001",48.216,
"GRC","AIREMISSION","SOX","KG_CAP","A","2002",46.969,
"GRC","AIREMISSION","SOX","KG_CAP","A","2003",47.459,
"GRC","AIREMISSION","SOX","KG_CAP","A","2004",47.049,
"GRC","AIREMISSION","SOX","KG_CAP","A","2005",48.961,
"GRC","AIREMISSION","SOX","KG_CAP","A","2006",45.156,
"GRC","AIREMISSION","SOX","KG_CAP","A","2007",44.139,
"GRC","AIREMISSION","SOX","KG_CAP","A","2008",38.343,
"GRC","AIREMISSION","SOX","KG_CAP","A","2009",32.157,
"GRC","AIREMISSION","SOX","KG_CAP","A","2010",18.84,
"GRC","AIREMISSION","SOX","KG_CAP","A","2011",13.518,
"GRC","AIREMISSION","SOX","KG_CAP","A","2012",11.139,
"GRC","AIREMISSION","SOX","KG_CAP","A","2013",9.858,
"GRC","AIREMISSION","SOX","KG_CAP","A","2014",8.348,
"GRC","AIREMISSION","SOX","KG_CAP","A","2015",7.865,
"GRC","AIREMISSION","SOX","KG_CAP","A","2016",5.717,
"GRC","AIREMISSION","SOX","KG_CAP","A","2017",6.557,
"GRC","AIREMISSION","SOX","KG_CAP","A","2018",6.135,
"HUN","AIREMISSION","SOX","KG_CAP","A","2000",41.804,
"HUN","AIREMISSION","SOX","KG_CAP","A","2001",33.976,
"HUN","AIREMISSION","SOX","KG_CAP","A","2002",26.789,
"HUN","AIREMISSION","SOX","KG_CAP","A","2003",24.259,
"HUN","AIREMISSION","SOX","KG_CAP","A","2004",14.975,
"HUN","AIREMISSION","SOX","KG_CAP","A","2005",4.261,
"HUN","AIREMISSION","SOX","KG_CAP","A","2006",3.899,
"HUN","AIREMISSION","SOX","KG_CAP","A","2007",3.62,
"HUN","AIREMISSION","SOX","KG_CAP","A","2008",3.591,
"HUN","AIREMISSION","SOX","KG_CAP","A","2009",2.989,
"HUN","AIREMISSION","SOX","KG_CAP","A","2010",3.07,
"HUN","AIREMISSION","SOX","KG_CAP","A","2011",3.467,
"HUN","AIREMISSION","SOX","KG_CAP","A","2012",3.097,
"HUN","AIREMISSION","SOX","KG_CAP","A","2013",2.989,
"HUN","AIREMISSION","SOX","KG_CAP","A","2014",2.656,
"HUN","AIREMISSION","SOX","KG_CAP","A","2015",2.487,
"HUN","AIREMISSION","SOX","KG_CAP","A","2016",2.374,
"HUN","AIREMISSION","SOX","KG_CAP","A","2017",2.861,
"HUN","AIREMISSION","SOX","KG_CAP","A","2018",2.364,
"ISL","AIREMISSION","SOX","KG_CAP","A","2000",138.245,
"ISL","AIREMISSION","SOX","KG_CAP","A","2001",147.453,
"ISL","AIREMISSION","SOX","KG_CAP","A","2002",157.467,
"ISL","AIREMISSION","SOX","KG_CAP","A","2003",143.962,
"ISL","AIREMISSION","SOX","KG_CAP","A","2004",124.697,
"ISL","AIREMISSION","SOX","KG_CAP","A","2005",144.109,
"ISL","AIREMISSION","SOX","KG_CAP","A","2006",141.34,
"ISL","AIREMISSION","SOX","KG_CAP","A","2007",198.122,
"ISL","AIREMISSION","SOX","KG_CAP","A","2008",248.868,
"ISL","AIREMISSION","SOX","KG_CAP","A","2009",227.171,
"ISL","AIREMISSION","SOX","KG_CAP","A","2010",255.249,
"ISL","AIREMISSION","SOX","KG_CAP","A","2011",260.069,
"ISL","AIREMISSION","SOX","KG_CAP","A","2012",267.342,
"ISL","AIREMISSION","SOX","KG_CAP","A","2013",220.094,
"ISL","AIREMISSION","SOX","KG_CAP","A","2014",198.96,
"ISL","AIREMISSION","SOX","KG_CAP","A","2015",183.305,
"ISL","AIREMISSION","SOX","KG_CAP","A","2016",155.226,
"ISL","AIREMISSION","SOX","KG_CAP","A","2017",148.473,
"ISL","AIREMISSION","SOX","KG_CAP","A","2018",162.472,
"IRL","AIREMISSION","SOX","KG_CAP","A","2000",38.122,
"IRL","AIREMISSION","SOX","KG_CAP","A","2001",37.027,
"IRL","AIREMISSION","SOX","KG_CAP","A","2002",27.29,
"IRL","AIREMISSION","SOX","KG_CAP","A","2003",20.762,
"IRL","AIREMISSION","SOX","KG_CAP","A","2004",18.052,
"IRL","AIREMISSION","SOX","KG_CAP","A","2005",17.641,
"IRL","AIREMISSION","SOX","KG_CAP","A","2006",14.369,
"IRL","AIREMISSION","SOX","KG_CAP","A","2007",12.706,
"IRL","AIREMISSION","SOX","KG_CAP","A","2008",10.33,
"IRL","AIREMISSION","SOX","KG_CAP","A","2009",7.289,
"IRL","AIREMISSION","SOX","KG_CAP","A","2010",5.835,
"IRL","AIREMISSION","SOX","KG_CAP","A","2011",5.45,
"IRL","AIREMISSION","SOX","KG_CAP","A","2012",5.096,
"IRL","AIREMISSION","SOX","KG_CAP","A","2013",5.111,
"IRL","AIREMISSION","SOX","KG_CAP","A","2014",3.664,
"IRL","AIREMISSION","SOX","KG_CAP","A","2015",3.241,
"IRL","AIREMISSION","SOX","KG_CAP","A","2016",2.919,
"IRL","AIREMISSION","SOX","KG_CAP","A","2017",2.831,
"IRL","AIREMISSION","SOX","KG_CAP","A","2018",2.525,
"ITA","AIREMISSION","SOX","KG_CAP","A","2000",13.339,
"ITA","AIREMISSION","SOX","KG_CAP","A","2001",12.387,
"ITA","AIREMISSION","SOX","KG_CAP","A","2002",10.9,
"ITA","AIREMISSION","SOX","KG_CAP","A","2003",9.111,
"ITA","AIREMISSION","SOX","KG_CAP","A","2004",8.418,
"ITA","AIREMISSION","SOX","KG_CAP","A","2005",7.028,
"ITA","AIREMISSION","SOX","KG_CAP","A","2006",6.625,
"ITA","AIREMISSION","SOX","KG_CAP","A","2007",5.879,
"ITA","AIREMISSION","SOX","KG_CAP","A","2008",4.923,
"ITA","AIREMISSION","SOX","KG_CAP","A","2009",4.017,
"ITA","AIREMISSION","SOX","KG_CAP","A","2010",3.683,
"ITA","AIREMISSION","SOX","KG_CAP","A","2011",3.293,
"ITA","AIREMISSION","SOX","KG_CAP","A","2012",2.972,
"ITA","AIREMISSION","SOX","KG_CAP","A","2013",2.436,
"ITA","AIREMISSION","SOX","KG_CAP","A","2014",2.178,
"ITA","AIREMISSION","SOX","KG_CAP","A","2015",2.055,
"ITA","AIREMISSION","SOX","KG_CAP","A","2016",1.928,
"ITA","AIREMISSION","SOX","KG_CAP","A","2017",1.902,
"ITA","AIREMISSION","SOX","KG_CAP","A","2018",1.821,
"JPN","AIREMISSION","SOX","KG_CAP","A","2000",8.868,
"JPN","AIREMISSION","SOX","KG_CAP","A","2001",8.802,
"JPN","AIREMISSION","SOX","KG_CAP","A","2002",8.719,
"JPN","AIREMISSION","SOX","KG_CAP","A","2003",8.499,
"JPN","AIREMISSION","SOX","KG_CAP","A","2004",8.254,
"JPN","AIREMISSION","SOX","KG_CAP","A","2005",7.876,
"JPN","AIREMISSION","SOX","KG_CAP","A","2006",7.555,
"JPN","AIREMISSION","SOX","KG_CAP","A","2007",7.212,
"JPN","AIREMISSION","SOX","KG_CAP","A","2008",6.692,
"JPN","AIREMISSION","SOX","KG_CAP","A","2009",6.243,
"JPN","AIREMISSION","SOX","KG_CAP","A","2010",6.007,
"JPN","AIREMISSION","SOX","KG_CAP","A","2011",5.665,
"JPN","AIREMISSION","SOX","KG_CAP","A","2012",5.639,
"JPN","AIREMISSION","SOX","KG_CAP","A","2013",5.576,
"JPN","AIREMISSION","SOX","KG_CAP","A","2014",5.512,
"JPN","AIREMISSION","SOX","KG_CAP","A","2015",5.483,
"JPN","AIREMISSION","SOX","KG_CAP","A","2016",5.486,
"JPN","AIREMISSION","SOX","KG_CAP","A","2017",5.453,
"JPN","AIREMISSION","SOX","KG_CAP","A","2018",5.463,
"KOR","AIREMISSION","SOX","KG_CAP","A","2000",10.358,
"KOR","AIREMISSION","SOX","KG_CAP","A","2001",10.224,
"KOR","AIREMISSION","SOX","KG_CAP","A","2002",9.877,
"KOR","AIREMISSION","SOX","KG_CAP","A","2003",9.721,
"KOR","AIREMISSION","SOX","KG_CAP","A","2004",9.214,
"KOR","AIREMISSION","SOX","KG_CAP","A","2005",8.387,
"KOR","AIREMISSION","SOX","KG_CAP","A","2006",9.134,
"KOR","AIREMISSION","SOX","KG_CAP","A","2007",8.209,
"KOR","AIREMISSION","SOX","KG_CAP","A","2008",8.499,
"KOR","AIREMISSION","SOX","KG_CAP","A","2009",7.857,
"KOR","AIREMISSION","SOX","KG_CAP","A","2010",8.109,
"KOR","AIREMISSION","SOX","KG_CAP","A","2011",8.716,
"KOR","AIREMISSION","SOX","KG_CAP","A","2012",8.343,
"KOR","AIREMISSION","SOX","KG_CAP","A","2013",8.038,
"KOR","AIREMISSION","SOX","KG_CAP","A","2014",6.781,
"KOR","AIREMISSION","SOX","KG_CAP","A","2015",6.93,
"KOR","AIREMISSION","SOX","KG_CAP","A","2016",7.039,
"KOR","AIREMISSION","SOX","KG_CAP","A","2017",6.174,
"LUX","AIREMISSION","SOX","KG_CAP","A","2000",7.504,
"LUX","AIREMISSION","SOX","KG_CAP","A","2001",8.732,
"LUX","AIREMISSION","SOX","KG_CAP","A","2002",6.38,
"LUX","AIREMISSION","SOX","KG_CAP","A","2003",5.913,
"LUX","AIREMISSION","SOX","KG_CAP","A","2004",5.407,
"LUX","AIREMISSION","SOX","KG_CAP","A","2005",5.281,
"LUX","AIREMISSION","SOX","KG_CAP","A","2006",6,
"LUX","AIREMISSION","SOX","KG_CAP","A","2007",4.968,
"LUX","AIREMISSION","SOX","KG_CAP","A","2008",3.555,
"LUX","AIREMISSION","SOX","KG_CAP","A","2009",3.433,
"LUX","AIREMISSION","SOX","KG_CAP","A","2010",3.314,
"LUX","AIREMISSION","SOX","KG_CAP","A","2011",2.436,
"LUX","AIREMISSION","SOX","KG_CAP","A","2012",2.772,
"LUX","AIREMISSION","SOX","KG_CAP","A","2013",2.802,
"LUX","AIREMISSION","SOX","KG_CAP","A","2014",2.782,
"LUX","AIREMISSION","SOX","KG_CAP","A","2015",2.359,
"LUX","AIREMISSION","SOX","KG_CAP","A","2016",1.703,
"LUX","AIREMISSION","SOX","KG_CAP","A","2017",1.689,
"LUX","AIREMISSION","SOX","KG_CAP","A","2018",1.592,
"NLD","AIREMISSION","SOX","KG_CAP","A","2000",4.797,
"NLD","AIREMISSION","SOX","KG_CAP","A","2001",4.817,
"NLD","AIREMISSION","SOX","KG_CAP","A","2002",4.319,
"NLD","AIREMISSION","SOX","KG_CAP","A","2003",4.005,
"NLD","AIREMISSION","SOX","KG_CAP","A","2004",4.137,
"NLD","AIREMISSION","SOX","KG_CAP","A","2005",4.018,
"NLD","AIREMISSION","SOX","KG_CAP","A","2006",4.009,
"NLD","AIREMISSION","SOX","KG_CAP","A","2007",3.749,
"NLD","AIREMISSION","SOX","KG_CAP","A","2008",3.135,
"NLD","AIREMISSION","SOX","KG_CAP","A","2009",2.333,
"NLD","AIREMISSION","SOX","KG_CAP","A","2010",2.099,
"NLD","AIREMISSION","SOX","KG_CAP","A","2011",2.033,
"NLD","AIREMISSION","SOX","KG_CAP","A","2012",2.029,
"NLD","AIREMISSION","SOX","KG_CAP","A","2013",1.777,
"NLD","AIREMISSION","SOX","KG_CAP","A","2014",1.759,
"NLD","AIREMISSION","SOX","KG_CAP","A","2015",1.791,
"NLD","AIREMISSION","SOX","KG_CAP","A","2016",1.609,
"NLD","AIREMISSION","SOX","KG_CAP","A","2017",1.522,
"NLD","AIREMISSION","SOX","KG_CAP","A","2018",1.427,
"NZL","AIREMISSION","SOX","KG_CAP","A","2000",18.298,
"NZL","AIREMISSION","SOX","KG_CAP","A","2001",19.142,
"NZL","AIREMISSION","SOX","KG_CAP","A","2002",19.274,
"NZL","AIREMISSION","SOX","KG_CAP","A","2003",22.37,
"NZL","AIREMISSION","SOX","KG_CAP","A","2004",21.296,
"NZL","AIREMISSION","SOX","KG_CAP","A","2005",22.592,
"NZL","AIREMISSION","SOX","KG_CAP","A","2006",21.42,
"NZL","AIREMISSION","SOX","KG_CAP","A","2007",19.369,
"NZL","AIREMISSION","SOX","KG_CAP","A","2008",20.402,
"NZL","AIREMISSION","SOX","KG_CAP","A","2009",17.197,
"NZL","AIREMISSION","SOX","KG_CAP","A","2010",16.819,
"NZL","AIREMISSION","SOX","KG_CAP","A","2011",16.764,
"NZL","AIREMISSION","SOX","KG_CAP","A","2012",17.595,
"NZL","AIREMISSION","SOX","KG_CAP","A","2013",16.715,
"NZL","AIREMISSION","SOX","KG_CAP","A","2014",16.111,
"NZL","AIREMISSION","SOX","KG_CAP","A","2015",16.418,
"NZL","AIREMISSION","SOX","KG_CAP","A","2016",14.885,
"NZL","AIREMISSION","SOX","KG_CAP","A","2017",15.667,
"NZL","AIREMISSION","SOX","KG_CAP","A","2018",15.043,
"NOR","AIREMISSION","SOX","KG_CAP","A","2000",6.027,
"NOR","AIREMISSION","SOX","KG_CAP","A","2001",5.642,
"NOR","AIREMISSION","SOX","KG_CAP","A","2002",5.079,
"NOR","AIREMISSION","SOX","KG_CAP","A","2003",5.077,
"NOR","AIREMISSION","SOX","KG_CAP","A","2004",5.389,
"NOR","AIREMISSION","SOX","KG_CAP","A","2005",5.028,
"NOR","AIREMISSION","SOX","KG_CAP","A","2006",4.6,
"NOR","AIREMISSION","SOX","KG_CAP","A","2007",4.179,
"NOR","AIREMISSION","SOX","KG_CAP","A","2008",4.183,
"NOR","AIREMISSION","SOX","KG_CAP","A","2009",3.088,
"NOR","AIREMISSION","SOX","KG_CAP","A","2010",3.865,
"NOR","AIREMISSION","SOX","KG_CAP","A","2011",3.796,
"NOR","AIREMISSION","SOX","KG_CAP","A","2012",3.416,
"NOR","AIREMISSION","SOX","KG_CAP","A","2013",3.441,
"NOR","AIREMISSION","SOX","KG_CAP","A","2014",3.39,
"NOR","AIREMISSION","SOX","KG_CAP","A","2015",3.274,
"NOR","AIREMISSION","SOX","KG_CAP","A","2016",3.024,
"NOR","AIREMISSION","SOX","KG_CAP","A","2017",2.899,
"NOR","AIREMISSION","SOX","KG_CAP","A","2018",3.051,
"POL","AIREMISSION","SOX","KG_CAP","A","2000",34.783,
"POL","AIREMISSION","SOX","KG_CAP","A","2001",34.144,
"POL","AIREMISSION","SOX","KG_CAP","A","2002",31.972,
"POL","AIREMISSION","SOX","KG_CAP","A","2003",31.514,
"POL","AIREMISSION","SOX","KG_CAP","A","2004",30.244,
"POL","AIREMISSION","SOX","KG_CAP","A","2005",29.511,
"POL","AIREMISSION","SOX","KG_CAP","A","2006",31.195,
"POL","AIREMISSION","SOX","KG_CAP","A","2007",28.839,
"POL","AIREMISSION","SOX","KG_CAP","A","2008",22.941,
"POL","AIREMISSION","SOX","KG_CAP","A","2009",19.44,
"POL","AIREMISSION","SOX","KG_CAP","A","2010",21.306,
"POL","AIREMISSION","SOX","KG_CAP","A","2011",20.142,
"POL","AIREMISSION","SOX","KG_CAP","A","2012",19.329,
"POL","AIREMISSION","SOX","KG_CAP","A","2013",18.408,
"POL","AIREMISSION","SOX","KG_CAP","A","2014",17.32,
"POL","AIREMISSION","SOX","KG_CAP","A","2015",16.796,
"POL","AIREMISSION","SOX","KG_CAP","A","2016",14.024,
"POL","AIREMISSION","SOX","KG_CAP","A","2017",13.845,
"POL","AIREMISSION","SOX","KG_CAP","A","2018",13.234,
"PRT","AIREMISSION","SOX","KG_CAP","A","2000",28.509,
"PRT","AIREMISSION","SOX","KG_CAP","A","2001",26.732,
"PRT","AIREMISSION","SOX","KG_CAP","A","2002",26.541,
"PRT","AIREMISSION","SOX","KG_CAP","A","2003",17.659,
"PRT","AIREMISSION","SOX","KG_CAP","A","2004",17.926,
"PRT","AIREMISSION","SOX","KG_CAP","A","2005",17.995,
"PRT","AIREMISSION","SOX","KG_CAP","A","2006",15.601,
"PRT","AIREMISSION","SOX","KG_CAP","A","2007",14.869,
"PRT","AIREMISSION","SOX","KG_CAP","A","2008",9.83,
"PRT","AIREMISSION","SOX","KG_CAP","A","2009",6.787,
"PRT","AIREMISSION","SOX","KG_CAP","A","2010",5.956,
"PRT","AIREMISSION","SOX","KG_CAP","A","2011",5.411,
"PRT","AIREMISSION","SOX","KG_CAP","A","2012",4.987,
"PRT","AIREMISSION","SOX","KG_CAP","A","2013",4.604,
"PRT","AIREMISSION","SOX","KG_CAP","A","2014",4.186,
"PRT","AIREMISSION","SOX","KG_CAP","A","2015",4.419,
"PRT","AIREMISSION","SOX","KG_CAP","A","2016",4.429,
"PRT","AIREMISSION","SOX","KG_CAP","A","2017",4.596,
"PRT","AIREMISSION","SOX","KG_CAP","A","2018",4.417,
"SVK","AIREMISSION","SOX","KG_CAP","A","2000",21.611,
"SVK","AIREMISSION","SOX","KG_CAP","A","2001",22.752,
"SVK","AIREMISSION","SOX","KG_CAP","A","2002",18.364,
"SVK","AIREMISSION","SOX","KG_CAP","A","2003",18.867,
"SVK","AIREMISSION","SOX","KG_CAP","A","2004",17.236,
"SVK","AIREMISSION","SOX","KG_CAP","A","2005",15.927,
"SVK","AIREMISSION","SOX","KG_CAP","A","2006",15.662,
"SVK","AIREMISSION","SOX","KG_CAP","A","2007",12.772,
"SVK","AIREMISSION","SOX","KG_CAP","A","2008",12.513,
"SVK","AIREMISSION","SOX","KG_CAP","A","2009",11.608,
"SVK","AIREMISSION","SOX","KG_CAP","A","2010",12.521,
"SVK","AIREMISSION","SOX","KG_CAP","A","2011",12.382,
"SVK","AIREMISSION","SOX","KG_CAP","A","2012",10.515,
"SVK","AIREMISSION","SOX","KG_CAP","A","2013",9.531,
"SVK","AIREMISSION","SOX","KG_CAP","A","2014",8.181,
"SVK","AIREMISSION","SOX","KG_CAP","A","2015",12.271,
"SVK","AIREMISSION","SOX","KG_CAP","A","2016",4.82,
"SVK","AIREMISSION","SOX","KG_CAP","A","2017",5.111,
"SVK","AIREMISSION","SOX","KG_CAP","A","2018",3.706,
"ESP","AIREMISSION","SOX","KG_CAP","A","2000",34.049,
"ESP","AIREMISSION","SOX","KG_CAP","A","2001",32.175,
"ESP","AIREMISSION","SOX","KG_CAP","A","2002",35.1,
"ESP","AIREMISSION","SOX","KG_CAP","A","2003",28.598,
"ESP","AIREMISSION","SOX","KG_CAP","A","2004",28.85,
"ESP","AIREMISSION","SOX","KG_CAP","A","2005",27.398,
"ESP","AIREMISSION","SOX","KG_CAP","A","2006",24.031,
"ESP","AIREMISSION","SOX","KG_CAP","A","2007",23.011,
"ESP","AIREMISSION","SOX","KG_CAP","A","2008",8.323,
"ESP","AIREMISSION","SOX","KG_CAP","A","2009",6.135,
"ESP","AIREMISSION","SOX","KG_CAP","A","2010",5.211,
"ESP","AIREMISSION","SOX","KG_CAP","A","2011",5.962,
"ESP","AIREMISSION","SOX","KG_CAP","A","2012",6.04,
"ESP","AIREMISSION","SOX","KG_CAP","A","2013",4.707,
"ESP","AIREMISSION","SOX","KG_CAP","A","2014",5.171,
"ESP","AIREMISSION","SOX","KG_CAP","A","2015",5.549,
"ESP","AIREMISSION","SOX","KG_CAP","A","2016",4.626,
"ESP","AIREMISSION","SOX","KG_CAP","A","2017",4.637,
"ESP","AIREMISSION","SOX","KG_CAP","A","2018",4.215,
"SWE","AIREMISSION","SOX","KG_CAP","A","2000",5.095,
"SWE","AIREMISSION","SOX","KG_CAP","A","2001",4.822,
"SWE","AIREMISSION","SOX","KG_CAP","A","2002",4.812,
"SWE","AIREMISSION","SOX","KG_CAP","A","2003",4.752,
"SWE","AIREMISSION","SOX","KG_CAP","A","2004",4.228,
"SWE","AIREMISSION","SOX","KG_CAP","A","2005",4.072,
"SWE","AIREMISSION","SOX","KG_CAP","A","2006",4.012,
"SWE","AIREMISSION","SOX","KG_CAP","A","2007",3.474,
"SWE","AIREMISSION","SOX","KG_CAP","A","2008",3.195,
"SWE","AIREMISSION","SOX","KG_CAP","A","2009",2.908,
"SWE","AIREMISSION","SOX","KG_CAP","A","2010",3.062,
"SWE","AIREMISSION","SOX","KG_CAP","A","2011",2.758,
"SWE","AIREMISSION","SOX","KG_CAP","A","2012",2.676,
"SWE","AIREMISSION","SOX","KG_CAP","A","2013",2.431,
"SWE","AIREMISSION","SOX","KG_CAP","A","2014",2.133,
"SWE","AIREMISSION","SOX","KG_CAP","A","2015",1.808,
"SWE","AIREMISSION","SOX","KG_CAP","A","2016",1.87,
"SWE","AIREMISSION","SOX","KG_CAP","A","2017",1.778,
"SWE","AIREMISSION","SOX","KG_CAP","A","2018",1.731,
"CHE","AIREMISSION","SOX","KG_CAP","A","2000",2.286,
"CHE","AIREMISSION","SOX","KG_CAP","A","2001",2.388,
"CHE","AIREMISSION","SOX","KG_CAP","A","2002",2.067,
"CHE","AIREMISSION","SOX","KG_CAP","A","2003",2.083,
"CHE","AIREMISSION","SOX","KG_CAP","A","2004",2.032,
"CHE","AIREMISSION","SOX","KG_CAP","A","2005",1.882,
"CHE","AIREMISSION","SOX","KG_CAP","A","2006",1.766,
"CHE","AIREMISSION","SOX","KG_CAP","A","2007",1.522,
"CHE","AIREMISSION","SOX","KG_CAP","A","2008",1.52,
"CHE","AIREMISSION","SOX","KG_CAP","A","2009",1.331,
"CHE","AIREMISSION","SOX","KG_CAP","A","2010",1.329,
"CHE","AIREMISSION","SOX","KG_CAP","A","2011",1.057,
"CHE","AIREMISSION","SOX","KG_CAP","A","2012",1.077,
"CHE","AIREMISSION","SOX","KG_CAP","A","2013",0.985,
"CHE","AIREMISSION","SOX","KG_CAP","A","2014",0.888,
"CHE","AIREMISSION","SOX","KG_CAP","A","2015",0.682,
"CHE","AIREMISSION","SOX","KG_CAP","A","2016",0.623,
"CHE","AIREMISSION","SOX","KG_CAP","A","2017",0.594,
"CHE","AIREMISSION","SOX","KG_CAP","A","2018",0.585,
"TUR","AIREMISSION","SOX","KG_CAP","A","2000",34.939,
"TUR","AIREMISSION","SOX","KG_CAP","A","2001",30.443,
"TUR","AIREMISSION","SOX","KG_CAP","A","2002",28.33,
"TUR","AIREMISSION","SOX","KG_CAP","A","2003",26.731,
"TUR","AIREMISSION","SOX","KG_CAP","A","2004",26.215,
"TUR","AIREMISSION","SOX","KG_CAP","A","2005",29.14,
"TUR","AIREMISSION","SOX","KG_CAP","A","2006",31.053,
"TUR","AIREMISSION","SOX","KG_CAP","A","2007",35.841,
"TUR","AIREMISSION","SOX","KG_CAP","A","2008",35.878,
"TUR","AIREMISSION","SOX","KG_CAP","A","2009",36.815,
"TUR","AIREMISSION","SOX","KG_CAP","A","2010",34.813,
"TUR","AIREMISSION","SOX","KG_CAP","A","2011",35.324,
"TUR","AIREMISSION","SOX","KG_CAP","A","2012",35.595,
"TUR","AIREMISSION","SOX","KG_CAP","A","2013",25.11,
"TUR","AIREMISSION","SOX","KG_CAP","A","2014",27.362,
"TUR","AIREMISSION","SOX","KG_CAP","A","2015",24.426,
"TUR","AIREMISSION","SOX","KG_CAP","A","2016",27.784,
"TUR","AIREMISSION","SOX","KG_CAP","A","2017",28.706,
"TUR","AIREMISSION","SOX","KG_CAP","A","2018",30.297,
"GBR","AIREMISSION","SOX","KG_CAP","A","2000",21.83,
"GBR","AIREMISSION","SOX","KG_CAP","A","2001",20.292,
"GBR","AIREMISSION","SOX","KG_CAP","A","2002",18.189,
"GBR","AIREMISSION","SOX","KG_CAP","A","2003",17.669,
"GBR","AIREMISSION","SOX","KG_CAP","A","2004",14.94,
"GBR","AIREMISSION","SOX","KG_CAP","A","2005",12.817,
"GBR","AIREMISSION","SOX","KG_CAP","A","2006",11.976,
"GBR","AIREMISSION","SOX","KG_CAP","A","2007",10.301,
"GBR","AIREMISSION","SOX","KG_CAP","A","2008",8.522,
"GBR","AIREMISSION","SOX","KG_CAP","A","2009",6.887,
"GBR","AIREMISSION","SOX","KG_CAP","A","2010",7.091,
"GBR","AIREMISSION","SOX","KG_CAP","A","2011",6.491,
"GBR","AIREMISSION","SOX","KG_CAP","A","2012",7.124,
"GBR","AIREMISSION","SOX","KG_CAP","A","2013",6.102,
"GBR","AIREMISSION","SOX","KG_CAP","A","2014",4.917,
"GBR","AIREMISSION","SOX","KG_CAP","A","2015",3.794,
"GBR","AIREMISSION","SOX","KG_CAP","A","2016",2.697,
"GBR","AIREMISSION","SOX","KG_CAP","A","2017",2.604,
"GBR","AIREMISSION","SOX","KG_CAP","A","2018",2.367,
"USA","AIREMISSION","SOX","KG_CAP","A","2000",51.886,
"USA","AIREMISSION","SOX","KG_CAP","A","2001",50.172,
"USA","AIREMISSION","SOX","KG_CAP","A","2002",46.803,
"USA","AIREMISSION","SOX","KG_CAP","A","2003",45.701,
"USA","AIREMISSION","SOX","KG_CAP","A","2004",44.565,
"USA","AIREMISSION","SOX","KG_CAP","A","2005",44.147,
"USA","AIREMISSION","SOX","KG_CAP","A","2006",39.434,
"USA","AIREMISSION","SOX","KG_CAP","A","2007",34.805,
"USA","AIREMISSION","SOX","KG_CAP","A","2008",30.369,
"USA","AIREMISSION","SOX","KG_CAP","A","2009",26.479,
"USA","AIREMISSION","SOX","KG_CAP","A","2010",22.309,
"USA","AIREMISSION","SOX","KG_CAP","A","2011",18.439,
"USA","AIREMISSION","SOX","KG_CAP","A","2012",14.289,
"USA","AIREMISSION","SOX","KG_CAP","A","2013",13.601,
"USA","AIREMISSION","SOX","KG_CAP","A","2014",13.014,
"USA","AIREMISSION","SOX","KG_CAP","A","2015",10.879,
"USA","AIREMISSION","SOX","KG_CAP","A","2016",8.742,
"USA","AIREMISSION","SOX","KG_CAP","A","2017",6.697,
"USA","AIREMISSION","SOX","KG_CAP","A","2018",6.414,
"CHL","AIREMISSION","SOX","KG_CAP","A","2005",17.577,
"CHL","AIREMISSION","SOX","KG_CAP","A","2006",23.175,
"CHL","AIREMISSION","SOX","KG_CAP","A","2007",24.219,
"CHL","AIREMISSION","SOX","KG_CAP","A","2008",20.889,
"CHL","AIREMISSION","SOX","KG_CAP","A","2009",19.553,
"CHL","AIREMISSION","SOX","KG_CAP","A","2010",17.773,
"CHL","AIREMISSION","SOX","KG_CAP","A","2011",18.644,
"CHL","AIREMISSION","SOX","KG_CAP","A","2012",13.662,
"CHL","AIREMISSION","SOX","KG_CAP","A","2013",12.365,
"CHL","AIREMISSION","SOX","KG_CAP","A","2014",8.324,
"CHL","AIREMISSION","SOX","KG_CAP","A","2015",8.53,
"CHL","AIREMISSION","SOX","KG_CAP","A","2016",19.032,
"CHL","AIREMISSION","SOX","KG_CAP","A","2017",16.544,
"CHL","AIREMISSION","SOX","KG_CAP","A","2018",14.317,
"EST","AIREMISSION","SOX","KG_CAP","A","2000",69.405,
"EST","AIREMISSION","SOX","KG_CAP","A","2001",65.183,
"EST","AIREMISSION","SOX","KG_CAP","A","2002",62.953,
"EST","AIREMISSION","SOX","KG_CAP","A","2003",73.073,
"EST","AIREMISSION","SOX","KG_CAP","A","2004",64.669,
"EST","AIREMISSION","SOX","KG_CAP","A","2005",56.275,
"EST","AIREMISSION","SOX","KG_CAP","A","2006",51.81,
"EST","AIREMISSION","SOX","KG_CAP","A","2007",65.498,
"EST","AIREMISSION","SOX","KG_CAP","A","2008",51.852,
"EST","AIREMISSION","SOX","KG_CAP","A","2009",41.08,
"EST","AIREMISSION","SOX","KG_CAP","A","2010",62.523,
"EST","AIREMISSION","SOX","KG_CAP","A","2011",54.765,
"EST","AIREMISSION","SOX","KG_CAP","A","2012",32.419,
"EST","AIREMISSION","SOX","KG_CAP","A","2013",31.605,
"EST","AIREMISSION","SOX","KG_CAP","A","2014",35.574,
"EST","AIREMISSION","SOX","KG_CAP","A","2015",27.419,
"EST","AIREMISSION","SOX","KG_CAP","A","2016",26.532,
"EST","AIREMISSION","SOX","KG_CAP","A","2017",29.288,
"EST","AIREMISSION","SOX","KG_CAP","A","2018",23.322,
"ISR","AIREMISSION","SOX","KG_CAP","A","2000",45.573,
"ISR","AIREMISSION","SOX","KG_CAP","A","2003",37.515,
"ISR","AIREMISSION","SOX","KG_CAP","A","2004",34.281,
"ISR","AIREMISSION","SOX","KG_CAP","A","2005",30.323,
"ISR","AIREMISSION","SOX","KG_CAP","A","2006",27.258,
"ISR","AIREMISSION","SOX","KG_CAP","A","2007",26.023,
"ISR","AIREMISSION","SOX","KG_CAP","A","2008",23.971,
"ISR","AIREMISSION","SOX","KG_CAP","A","2009",21.452,
"ISR","AIREMISSION","SOX","KG_CAP","A","2010",19.788,
"ISR","AIREMISSION","SOX","KG_CAP","A","2011",20.46,
"ISR","AIREMISSION","SOX","KG_CAP","A","2012",19.862,
"ISR","AIREMISSION","SOX","KG_CAP","A","2013",16.312,
"ISR","AIREMISSION","SOX","KG_CAP","A","2014",12.772,
"ISR","AIREMISSION","SOX","KG_CAP","A","2015",12.587,
"ISR","AIREMISSION","SOX","KG_CAP","A","2016",10.622,
"ISR","AIREMISSION","SOX","KG_CAP","A","2017",8.18,
"ISR","AIREMISSION","SOX","KG_CAP","A","2018",6.705,
"SVN","AIREMISSION","SOX","KG_CAP","A","2000",47.055,
"SVN","AIREMISSION","SOX","KG_CAP","A","2001",31.742,
"SVN","AIREMISSION","SOX","KG_CAP","A","2002",31.526,
"SVN","AIREMISSION","SOX","KG_CAP","A","2003",30.22,
"SVN","AIREMISSION","SOX","KG_CAP","A","2004",25.401,
"SVN","AIREMISSION","SOX","KG_CAP","A","2005",20.176,
"SVN","AIREMISSION","SOX","KG_CAP","A","2006",8.488,
"SVN","AIREMISSION","SOX","KG_CAP","A","2007",7.398,
"SVN","AIREMISSION","SOX","KG_CAP","A","2008",6.222,
"SVN","AIREMISSION","SOX","KG_CAP","A","2009",5.057,
"SVN","AIREMISSION","SOX","KG_CAP","A","2010",5.084,
"SVN","AIREMISSION","SOX","KG_CAP","A","2011",5.549,
"SVN","AIREMISSION","SOX","KG_CAP","A","2012",5.158,
"SVN","AIREMISSION","SOX","KG_CAP","A","2013",4.651,
"SVN","AIREMISSION","SOX","KG_CAP","A","2014",3.709,
"SVN","AIREMISSION","SOX","KG_CAP","A","2015",2.632,
"SVN","AIREMISSION","SOX","KG_CAP","A","2016",2.244,
"SVN","AIREMISSION","SOX","KG_CAP","A","2017",2.357,
"SVN","AIREMISSION","SOX","KG_CAP","A","2018",2.304,
"OECD","AIREMISSION","SOX","KG_CAP","A","2000",15.052,
"OECD","AIREMISSION","SOX","KG_CAP","A","2001",14.519,
"OECD","AIREMISSION","SOX","KG_CAP","A","2002",14.047,
"OECD","AIREMISSION","SOX","KG_CAP","A","2003",13.3,
"OECD","AIREMISSION","SOX","KG_CAP","A","2004",12.553,
"OECD","AIREMISSION","SOX","KG_CAP","A","2005",12.091,
"OECD","AIREMISSION","SOX","KG_CAP","A","2006",11.696,
"OECD","AIREMISSION","SOX","KG_CAP","A","2007",11.483,
"OECD","AIREMISSION","SOX","KG_CAP","A","2008",10.18,
"OECD","AIREMISSION","SOX","KG_CAP","A","2009",9.392,
"OECD","AIREMISSION","SOX","KG_CAP","A","2010",8.874,
"OECD","AIREMISSION","SOX","KG_CAP","A","2011",8.746,
"OECD","AIREMISSION","SOX","KG_CAP","A","2012",8.626,
"OECD","AIREMISSION","SOX","KG_CAP","A","2013",7.608,
"OECD","AIREMISSION","SOX","KG_CAP","A","2014",7.499,
"OECD","AIREMISSION","SOX","KG_CAP","A","2015",7.032,
"OECD","AIREMISSION","SOX","KG_CAP","A","2016",6.98,
"OECD","AIREMISSION","SOX","KG_CAP","A","2017",6.753,
"OECD","AIREMISSION","SOX","KG_CAP","A","2018",6.648,
"MEX","AIREMISSION","SOX","KG_CAP","A","2005",29.259,
"MEX","AIREMISSION","SOX","KG_CAP","A","2008",20.225,
"MEX","AIREMISSION","SOX","KG_CAP","A","2016",11.035,
"RUS","AIREMISSION","SOX","KG_CAP","A","2006",34.23,
"RUS","AIREMISSION","SOX","KG_CAP","A","2007",32.873,
"RUS","AIREMISSION","SOX","KG_CAP","A","2008",32.618,
"RUS","AIREMISSION","SOX","KG_CAP","A","2009",31.447,
"RUS","AIREMISSION","SOX","KG_CAP","A","2010",31.398,
"RUS","AIREMISSION","SOX","KG_CAP","A","2011",30.987,
"RUS","AIREMISSION","SOX","KG_CAP","A","2012",30.701,
"RUS","AIREMISSION","SOX","KG_CAP","A","2013",29.765,
"RUS","AIREMISSION","SOX","KG_CAP","A","2014",28.493,
"RUS","AIREMISSION","SOX","KG_CAP","A","2015",28.883,
"RUS","AIREMISSION","SOX","KG_CAP","A","2016",28.242,
"RUS","AIREMISSION","SOX","KG_CAP","A","2018",25.385,
"OECDE","AIREMISSION","SOX","KG_CAP","A","2000",20.489,
"OECDE","AIREMISSION","SOX","KG_CAP","A","2001",19.073,
"OECDE","AIREMISSION","SOX","KG_CAP","A","2002",17.942,
"OECDE","AIREMISSION","SOX","KG_CAP","A","2003",16.599,
"OECDE","AIREMISSION","SOX","KG_CAP","A","2004",15.659,
"OECDE","AIREMISSION","SOX","KG_CAP","A","2005",15.126,
"OECDE","AIREMISSION","SOX","KG_CAP","A","2006",14.826,
"OECDE","AIREMISSION","SOX","KG_CAP","A","2007",14.8,
"OECDE","AIREMISSION","SOX","KG_CAP","A","2008",12.309,
"OECDE","AIREMISSION","SOX","KG_CAP","A","2009",11.161,
"OECDE","AIREMISSION","SOX","KG_CAP","A","2010",10.72,
"OECDE","AIREMISSION","SOX","KG_CAP","A","2011",10.437,
"OECDE","AIREMISSION","SOX","KG_CAP","A","2012",10.271,
"OECDE","AIREMISSION","SOX","KG_CAP","A","2013",8.35,
"OECDE","AIREMISSION","SOX","KG_CAP","A","2014",8.25,
"OECDE","AIREMISSION","SOX","KG_CAP","A","2015",7.677,
"OECDE","AIREMISSION","SOX","KG_CAP","A","2016",7.525,
"OECDE","AIREMISSION","SOX","KG_CAP","A","2017",7.645,
"OECDE","AIREMISSION","SOX","KG_CAP","A","2018",7.692,
"LVA","AIREMISSION","SOX","KG_CAP","A","2000",7.449,
"LVA","AIREMISSION","SOX","KG_CAP","A","2001",6.069,
"LVA","AIREMISSION","SOX","KG_CAP","A","2002",5.578,
"LVA","AIREMISSION","SOX","KG_CAP","A","2003",4.926,
"LVA","AIREMISSION","SOX","KG_CAP","A","2004",4.08,
"LVA","AIREMISSION","SOX","KG_CAP","A","2005",3.884,
"LVA","AIREMISSION","SOX","KG_CAP","A","2006",3.777,
"LVA","AIREMISSION","SOX","KG_CAP","A","2007",3.7,
"LVA","AIREMISSION","SOX","KG_CAP","A","2008",3.033,
"LVA","AIREMISSION","SOX","KG_CAP","A","2009",3.09,
"LVA","AIREMISSION","SOX","KG_CAP","A","2010",2.039,
"LVA","AIREMISSION","SOX","KG_CAP","A","2011",2.043,
"LVA","AIREMISSION","SOX","KG_CAP","A","2012",2.137,
"LVA","AIREMISSION","SOX","KG_CAP","A","2013",1.912,
"LVA","AIREMISSION","SOX","KG_CAP","A","2014",1.917,
"LVA","AIREMISSION","SOX","KG_CAP","A","2015",1.785,
"LVA","AIREMISSION","SOX","KG_CAP","A","2016",1.739,
"LVA","AIREMISSION","SOX","KG_CAP","A","2017",1.843,
"LVA","AIREMISSION","SOX","KG_CAP","A","2018",1.99,
"LTU","AIREMISSION","SOX","KG_CAP","A","2000",10.84,
"LTU","AIREMISSION","SOX","KG_CAP","A","2001",12.024,
"LTU","AIREMISSION","SOX","KG_CAP","A","2002",10.892,
"LTU","AIREMISSION","SOX","KG_CAP","A","2003",7.276,
"LTU","AIREMISSION","SOX","KG_CAP","A","2004",7.566,
"LTU","AIREMISSION","SOX","KG_CAP","A","2005",8.185,
"LTU","AIREMISSION","SOX","KG_CAP","A","2006",7.617,
"LTU","AIREMISSION","SOX","KG_CAP","A","2007",6.635,
"LTU","AIREMISSION","SOX","KG_CAP","A","2008",6.075,
"LTU","AIREMISSION","SOX","KG_CAP","A","2009",5.911,
"LTU","AIREMISSION","SOX","KG_CAP","A","2010",5.776,
"LTU","AIREMISSION","SOX","KG_CAP","A","2011",6.335,
"LTU","AIREMISSION","SOX","KG_CAP","A","2012",5.582,
"LTU","AIREMISSION","SOX","KG_CAP","A","2013",4.875,
"LTU","AIREMISSION","SOX","KG_CAP","A","2014",4.499,
"LTU","AIREMISSION","SOX","KG_CAP","A","2015",5.099,
"LTU","AIREMISSION","SOX","KG_CAP","A","2016",5.149,
"LTU","AIREMISSION","SOX","KG_CAP","A","2017",4.448,
"LTU","AIREMISSION","SOX","KG_CAP","A","2018",4.53,
