,country,alpha_3,year,coal_mw_new,coal_mw_retired,coal_mw_change
0,Albania,ALB,2000,0,0,0
1,Argentina,ARG,2000,0,0,0
2,Australia,AUS,2000,0,0,0
3,Austria,AUT,2000,0,0,0
4,Bangladesh,BGD,2000,0,0,0
5,Belarus,BLR,2000,0,0,0
6,Belgium,BEL,2000,0,272,-272
7,Bosnia and Herzegovina,BIH,2000,0,0,0
8,Botswana,BWA,2000,0,0,0
9,Brazil,BRA,2000,0,0,0
10,Brunei,BRN,2000,0,0,0
11,Bulgaria,BGR,2000,0,0,0
12,Cambodia,KHM,2000,0,0,0
13,Canada,CAN,2000,0,60,-60
14,Chile,CHL,2000,0,0,0
15,China,CHN,2000,17410,386,17024
16,Colombia,COL,2000,0,0,0
17,Croatia,HRV,2000,210,0,210
18,Czech Republic,CZE,2000,271,0,271
19,Democratic Republic of Congo,COD,2000,0,0,0
20,Denmark,DNK,2000,0,0,0
21,Dominican Republic,DOM,2000,0,0,0
22,Egypt,EGY,2000,0,0,0
23,El Salvador,SLV,2000,0,0,0
24,Ethiopia,ETH,2000,0,0,0
25,Finland,FIN,2000,0,0,0
26,France,FRA,2000,0,250,-250
27,Georgia,GEO,2000,0,0,0
28,Germany,DEU,2000,1980,1230,750
29,Ghana,GHA,2000,0,0,0
30,Greece,GRC,2000,0,0,0
31,Guadeloupe,GLP,2000,0,0,0
32,Guatemala,GTM,2000,139,0,139
33,Guinea,GIN,2000,0,0,0
34,Honduras,HND,2000,0,0,0
35,Hong Kong,HKG,2000,0,0,0
36,Hungary,HUN,2000,0,0,0
37,India,IND,2000,1705,97,1608
38,Indonesia,IDN,2000,1832,0,1832
39,Iran,IRN,2000,0,0,0
40,Ireland,IRL,2000,0,0,0
41,Israel,ISR,2000,550,0,550
42,Italy,ITA,2000,0,0,0
43,Ivory Coast,CIV,2000,0,0,0
44,Jamaica,JAM,2000,0,0,0
45,Japan,JPN,2000,4353,0,4353
46,Jordan,JOR,2000,0,0,0
47,Kazakhstan,KAZ,2000,50,0,50
48,Kenya,KEN,2000,0,0,0
49,Kosovo,,2000,0,0,0
50,Kyrgyzstan,KGZ,2000,90,0,90
51,Laos,LAO,2000,0,0,0
52,Latvia,LVA,2000,0,0,0
53,Madagascar,MDG,2000,0,0,0
54,Malawi,MWI,2000,0,0,0
55,Malaysia,MYS,2000,1000,0,1000
56,Mauritius,MUS,2000,70,0,70
57,Mexico,MEX,2000,0,0,0
58,Moldova,MDA,2000,0,0,0
59,Mongolia,MNG,2000,0,0,0
60,Montenegro,MNE,2000,0,0,0
61,Morocco,MAR,2000,348,0,348
62,Mozambique,MOZ,2000,0,0,0
63,Myanmar,MMR,2000,0,0,0
64,Namibia,NAM,2000,0,0,0
65,Netherlands,NLD,2000,0,0,0
66,New Zealand,NZL,2000,0,0,0
67,Niger,NER,2000,0,0,0
68,Nigeria,NGA,2000,0,0,0
69,North Korea,KOR,2000,0,0,0
70,North Macedonia,MKD,2000,0,0,0
71,Oman,OMN,2000,0,0,0
72,Pakistan,PAK,2000,0,0,0
73,Panama,PAN,2000,0,0,0
74,Papua New Guinea,PNG,2000,0,0,0
75,Peru,PER,2000,0,0,0
76,Philippines,PHL,2000,440,0,440
77,Poland,POL,2000,0,0,0
78,Portugal,PRT,2000,0,50,-50
79,Reunion,REU,2000,0,0,0
80,Romania,ROU,2000,0,0,0
81,Russia,RUS,2000,0,150,-150
82,Senegal,SEN,2000,0,0,0
83,Serbia,SRB,2000,0,0,0
84,Slovakia,SVK,2000,0,0,0
85,Slovenia,SVN,2000,0,0,0
86,South Africa,ZAF,2000,716,0,716
87,South Korea,PRK,2000,1000,0,1000
88,Spain,ESP,2000,0,0,0
89,Sri Lanka,LKA,2000,0,0,0
90,Sudan,SDN,2000,0,0,0
91,Eswatini,SWZ,2000,0,0,0
92,Sweden,SWE,2000,0,0,0
93,Syria,SYR,2000,0,0,0
94,Taiwan,TWN,2000,1879,0,1879
95,Tajikistan,TJK,2000,0,0,0
96,Tanzania,TZA,2000,0,0,0
97,Thailand,THA,2000,0,225,-225
98,Turkey,TUR,2000,317,0,317
99,Ukraine,UKR,2000,0,0,0
100,United Arab Emirates,ARE,2000,0,0,0
101,United Kingdom,GBR,2000,0,1200,-1200
102,United States,USA,2000,101,141,-40
103,Uzbekistan,UZB,2000,300,0,300
104,Venezuela,VEN,2000,0,0,0
105,Vietnam,VNM,2000,0,0,0
106,Zambia,ZMB,2000,0,0,0
107,Zimbabwe,ZWE,2000,0,0,0
108,Albania,ALB,2001,0,0,0
109,Argentina,ARG,2001,0,0,0
110,Australia,AUS,2001,1071,0,1071
111,Austria,AUT,2001,0,137,-137
112,Bangladesh,BGD,2001,0,0,0
113,Belarus,BLR,2001,0,0,0
114,Belgium,BEL,2001,0,133,-133
115,Bosnia and Herzegovina,BIH,2001,0,0,0
116,Botswana,BWA,2001,0,0,0
117,Brazil,BRA,2001,0,0,0
118,Brunei,BRN,2001,0,0,0
119,Bulgaria,BGR,2001,0,0,0
120,Cambodia,KHM,2001,0,0,0
121,Canada,CAN,2001,0,0,0
122,Chile,CHL,2001,0,0,0
123,China,CHN,2001,13358,100,13258
124,Colombia,COL,2001,0,0,0
125,Croatia,HRV,2001,0,0,0
126,Czech Republic,CZE,2001,30,0,30
127,Democratic Republic of Congo,COD,2001,0,0,0
128,Denmark,DNK,2001,0,0,0
129,Dominican Republic,DOM,2001,0,0,0
130,Egypt,EGY,2001,0,0,0
131,El Salvador,SLV,2001,0,0,0
132,Ethiopia,ETH,2001,0,0,0
133,Finland,FIN,2001,0,0,0
134,France,FRA,2001,0,0,0
135,Georgia,GEO,2001,0,0,0
136,Germany,DEU,2001,0,585,-585
137,Ghana,GHA,2001,0,0,0
138,Greece,GRC,2001,0,0,0
139,Guadeloupe,GLP,2001,0,0,0
140,Guatemala,GTM,2001,0,0,0
141,Guinea,GIN,2001,0,0,0
142,Honduras,HND,2001,0,0,0
143,Hong Kong,HKG,2001,0,0,0
144,Hungary,HUN,2001,0,0,0
145,India,IND,2001,1055,50,1005
146,Indonesia,IDN,2001,0,0,0
147,Iran,IRN,2001,0,0,0
148,Ireland,IRL,2001,0,0,0
149,Israel,ISR,2001,550,0,550
150,Italy,ITA,2001,0,68,-68
151,Ivory Coast,CIV,2001,0,0,0
152,Jamaica,JAM,2001,0,0,0
153,Japan,JPN,2001,1654,530,1124
154,Jordan,JOR,2001,0,0,0
155,Kazakhstan,KAZ,2001,58,0,58
156,Kenya,KEN,2001,0,0,0
157,Kosovo,,2001,0,0,0
158,Kyrgyzstan,KGZ,2001,0,0,0
159,Laos,LAO,2001,0,0,0
160,Latvia,LVA,2001,0,0,0
161,Madagascar,MDG,2001,0,0,0
162,Malawi,MWI,2001,0,0,0
163,Malaysia,MYS,2001,0,0,0
164,Mauritius,MUS,2001,0,0,0
165,Mexico,MEX,2001,0,0,0
166,Moldova,MDA,2001,0,0,0
167,Mongolia,MNG,2001,0,0,0
168,Montenegro,MNE,2001,0,0,0
169,Morocco,MAR,2001,348,0,348
170,Mozambique,MOZ,2001,0,0,0
171,Myanmar,MMR,2001,0,0,0
172,Namibia,NAM,2001,0,0,0
173,Netherlands,NLD,2001,0,0,0
174,New Zealand,NZL,2001,0,0,0
175,Niger,NER,2001,0,0,0
176,Nigeria,NGA,2001,0,0,0
177,North Korea,KOR,2001,0,0,0
178,North Macedonia,MKD,2001,0,0,0
179,Oman,OMN,2001,0,0,0
180,Pakistan,PAK,2001,0,0,0
181,Panama,PAN,2001,0,0,0
182,Papua New Guinea,PNG,2001,0,0,0
183,Peru,PER,2001,0,0,0
184,Philippines,PHL,2001,0,0,0
185,Poland,POL,2001,0,0,0
186,Portugal,PRT,2001,0,0,0
187,Reunion,REU,2001,0,0,0
188,Romania,ROU,2001,0,0,0
189,Russia,RUS,2001,215,0,215
190,Senegal,SEN,2001,0,0,0
191,Serbia,SRB,2001,0,0,0
192,Slovakia,SVK,2001,0,0,0
193,Slovenia,SVN,2001,0,0,0
194,South Africa,ZAF,2001,716,0,716
195,South Korea,PRK,2001,1500,0,1500
196,Spain,ESP,2001,0,0,0
197,Sri Lanka,LKA,2001,0,0,0
198,Sudan,SDN,2001,0,0,0
199,Eswatini,SWZ,2001,0,0,0
200,Sweden,SWE,2001,0,0,0
201,Syria,SYR,2001,0,0,0
202,Taiwan,TWN,2001,0,0,0
203,Tajikistan,TJK,2001,0,0,0
204,Tanzania,TZA,2001,0,0,0
205,Thailand,THA,2001,0,0,0
206,Turkey,TUR,2001,0,0,0
207,Ukraine,UKR,2001,0,0,0
208,United Arab Emirates,ARE,2001,0,0,0
209,United Kingdom,GBR,2001,0,0,0
210,United States,USA,2001,1079,35,1044
211,Uzbekistan,UZB,2001,0,0,0
212,Venezuela,VEN,2001,0,0,0
213,Vietnam,VNM,2001,0,0,0
214,Zambia,ZMB,2001,0,0,0
215,Zimbabwe,ZWE,2001,0,0,0
216,Albania,ALB,2002,0,0,0
217,Argentina,ARG,2002,0,0,0
218,Australia,AUS,2002,440,396,44
219,Austria,AUT,2002,0,0,0
220,Bangladesh,BGD,2002,0,0,0
221,Belarus,BLR,2002,0,0,0
222,Belgium,BEL,2002,0,0,0
223,Bosnia and Herzegovina,BIH,2002,0,0,0
224,Botswana,BWA,2002,0,0,0
225,Brazil,BRA,2002,0,0,0
226,Brunei,BRN,2002,0,0,0
227,Bulgaria,BGR,2002,0,0,0
228,Cambodia,KHM,2002,0,0,0
229,Canada,CAN,2002,0,0,0
230,Chile,CHL,2002,0,0,0
231,China,CHN,2002,11033,350,10683
232,Colombia,COL,2002,0,0,0
233,Croatia,HRV,2002,0,0,0
234,Czech Republic,CZE,2002,0,0,0
235,Democratic Republic of Congo,COD,2002,0,0,0
236,Denmark,DNK,2002,0,262,-262
237,Dominican Republic,DOM,2002,0,0,0
238,Egypt,EGY,2002,0,0,0
239,El Salvador,SLV,2002,0,0,0
240,Ethiopia,ETH,2002,0,0,0
241,Finland,FIN,2002,0,0,0
242,France,FRA,2002,0,0,0
243,Georgia,GEO,2002,0,0,0
244,Germany,DEU,2002,1012,522,490
245,Ghana,GHA,2002,0,0,0
246,Greece,GRC,2002,0,0,0
247,Guadeloupe,GLP,2002,0,0,0
248,Guatemala,GTM,2002,0,0,0
249,Guinea,GIN,2002,0,0,0
250,Honduras,HND,2002,0,0,0
251,Hong Kong,HKG,2002,0,0,0
252,Hungary,HUN,2002,0,0,0
253,India,IND,2002,2040,1000,1040
254,Indonesia,IDN,2002,0,0,0
255,Iran,IRN,2002,0,0,0
256,Ireland,IRL,2002,0,0,0
257,Israel,ISR,2002,0,0,0
258,Italy,ITA,2002,0,0,0
259,Ivory Coast,CIV,2002,0,0,0
260,Jamaica,JAM,2002,0,0,0
261,Japan,JPN,2002,3550,0,3550
262,Jordan,JOR,2002,0,0,0
263,Kazakhstan,KAZ,2002,0,0,0
264,Kenya,KEN,2002,0,0,0
265,Kosovo,,2002,0,0,0
266,Kyrgyzstan,KGZ,2002,0,0,0
267,Laos,LAO,2002,0,0,0
268,Latvia,LVA,2002,0,0,0
269,Madagascar,MDG,2002,0,0,0
270,Malawi,MWI,2002,0,0,0
271,Malaysia,MYS,2002,700,0,700
272,Mauritius,MUS,2002,0,0,0
273,Mexico,MEX,2002,0,0,0
274,Moldova,MDA,2002,0,0,0
275,Mongolia,MNG,2002,0,0,0
276,Montenegro,MNE,2002,0,0,0
277,Morocco,MAR,2002,0,0,0
278,Mozambique,MOZ,2002,0,0,0
279,Myanmar,MMR,2002,0,0,0
280,Namibia,NAM,2002,0,0,0
281,Netherlands,NLD,2002,0,0,0
282,New Zealand,NZL,2002,0,0,0
283,Niger,NER,2002,0,0,0
284,Nigeria,NGA,2002,0,0,0
285,North Korea,KOR,2002,0,0,0
286,North Macedonia,MKD,2002,0,0,0
287,Oman,OMN,2002,0,0,0
288,Pakistan,PAK,2002,0,0,0
289,Panama,PAN,2002,0,0,0
290,Papua New Guinea,PNG,2002,0,0,0
291,Peru,PER,2002,0,0,0
292,Philippines,PHL,2002,0,0,0
293,Poland,POL,2002,346,0,346
294,Portugal,PRT,2002,0,0,0
295,Reunion,REU,2002,0,0,0
296,Romania,ROU,2002,0,0,0
297,Russia,RUS,2002,0,0,0
298,Senegal,SEN,2002,0,0,0
299,Serbia,SRB,2002,0,0,0
300,Slovakia,SVK,2002,0,0,0
301,Slovenia,SVN,2002,0,0,0
302,South Africa,ZAF,2002,0,0,0
303,South Korea,PRK,2002,500,0,500
304,Spain,ESP,2002,0,0,0
305,Sri Lanka,LKA,2002,0,0,0
306,Sudan,SDN,2002,0,0,0
307,Eswatini,SWZ,2002,0,0,0
308,Sweden,SWE,2002,0,0,0
309,Syria,SYR,2002,0,0,0
310,Taiwan,TWN,2002,3154,0,3154
311,Tajikistan,TJK,2002,0,0,0
312,Tanzania,TZA,2002,0,0,0
313,Thailand,THA,2002,0,0,0
314,Turkey,TUR,2002,0,0,0
315,Ukraine,UKR,2002,0,0,0
316,United Arab Emirates,ARE,2002,0,0,0
317,United Kingdom,GBR,2002,0,1000,-1000
318,United States,USA,2002,1105,704,401
319,Uzbekistan,UZB,2002,0,0,0
320,Venezuela,VEN,2002,0,0,0
321,Vietnam,VNM,2002,600,0,600
322,Zambia,ZMB,2002,0,0,0
323,Zimbabwe,ZWE,2002,0,0,0
324,Albania,ALB,2003,0,0,0
325,Argentina,ARG,2003,0,0,0
326,Australia,AUS,2003,885,0,885
327,Austria,AUT,2003,0,0,0
328,Bangladesh,BGD,2003,0,0,0
329,Belarus,BLR,2003,0,0,0
330,Belgium,BEL,2003,0,0,0
331,Bosnia and Herzegovina,BIH,2003,0,0,0
332,Botswana,BWA,2003,0,0,0
333,Brazil,BRA,2003,0,0,0
334,Brunei,BRN,2003,0,0,0
335,Bulgaria,BGR,2003,0,0,0
336,Cambodia,KHM,2003,0,0,0
337,Canada,CAN,2003,0,0,0
338,Chile,CHL,2003,0,0,0
339,China,CHN,2003,22731,0,22731
340,Colombia,COL,2003,0,0,0
341,Croatia,HRV,2003,0,0,0
342,Czech Republic,CZE,2003,0,0,0
343,Democratic Republic of Congo,COD,2003,0,0,0
344,Denmark,DNK,2003,0,0,0
345,Dominican Republic,DOM,2003,0,0,0
346,Egypt,EGY,2003,0,0,0
347,El Salvador,SLV,2003,0,0,0
348,Ethiopia,ETH,2003,0,0,0
349,Finland,FIN,2003,0,35,-35
350,France,FRA,2003,0,0,0
351,Georgia,GEO,2003,0,0,0
352,Germany,DEU,2003,0,421,-421
353,Ghana,GHA,2003,0,0,0
354,Greece,GRC,2003,330,0,330
355,Guadeloupe,GLP,2003,0,0,0
356,Guatemala,GTM,2003,0,0,0
357,Guinea,GIN,2003,0,0,0
358,Honduras,HND,2003,0,0,0
359,Hong Kong,HKG,2003,0,0,0
360,Hungary,HUN,2003,0,0,0
361,India,IND,2003,1735,150,1585
362,Indonesia,IDN,2003,0,0,0
363,Iran,IRN,2003,0,0,0
364,Ireland,IRL,2003,0,0,0
365,Israel,ISR,2003,0,0,0
366,Italy,ITA,2003,0,0,0
367,Ivory Coast,CIV,2003,0,0,0
368,Jamaica,JAM,2003,0,0,0
369,Japan,JPN,2003,2388,0,2388
370,Jordan,JOR,2003,0,0,0
371,Kazakhstan,KAZ,2003,0,0,0
372,Kenya,KEN,2003,0,0,0
373,Kosovo,,2003,0,0,0
374,Kyrgyzstan,KGZ,2003,0,0,0
375,Laos,LAO,2003,0,0,0
376,Latvia,LVA,2003,0,0,0
377,Madagascar,MDG,2003,0,0,0
378,Malawi,MWI,2003,0,0,0
379,Malaysia,MYS,2003,1400,0,1400
380,Mauritius,MUS,2003,0,0,0
381,Mexico,MEX,2003,0,0,0
382,Moldova,MDA,2003,0,0,0
383,Mongolia,MNG,2003,0,0,0
384,Montenegro,MNE,2003,0,0,0
385,Morocco,MAR,2003,0,0,0
386,Mozambique,MOZ,2003,0,0,0
387,Myanmar,MMR,2003,0,0,0
388,Namibia,NAM,2003,0,0,0
389,Netherlands,NLD,2003,0,0,0
390,New Zealand,NZL,2003,0,0,0
391,Niger,NER,2003,0,0,0
392,Nigeria,NGA,2003,0,0,0
393,North Korea,KOR,2003,0,0,0
394,North Macedonia,MKD,2003,0,0,0
395,Oman,OMN,2003,0,0,0
396,Pakistan,PAK,2003,0,0,0
397,Panama,PAN,2003,0,0,0
398,Papua New Guinea,PNG,2003,0,0,0
399,Peru,PER,2003,0,0,0
400,Philippines,PHL,2003,0,0,0
401,Poland,POL,2003,323,200,123
402,Portugal,PRT,2003,0,0,0
403,Reunion,REU,2003,0,0,0
404,Romania,ROU,2003,0,0,0
405,Russia,RUS,2003,228,0,228
406,Senegal,SEN,2003,0,0,0
407,Serbia,SRB,2003,0,0,0
408,Slovakia,SVK,2003,0,0,0
409,Slovenia,SVN,2003,0,0,0
410,South Africa,ZAF,2003,0,0,0
411,South Korea,PRK,2003,0,0,0
412,Spain,ESP,2003,0,0,0
413,Sri Lanka,LKA,2003,0,0,0
414,Sudan,SDN,2003,0,0,0
415,Eswatini,SWZ,2003,0,0,0
416,Sweden,SWE,2003,0,0,0
417,Syria,SYR,2003,0,0,0
418,Taiwan,TWN,2003,0,0,0
419,Tajikistan,TJK,2003,0,0,0
420,Tanzania,TZA,2003,0,0,0
421,Thailand,THA,2003,0,0,0
422,Turkey,TUR,2003,1720,0,1720
423,Ukraine,UKR,2003,0,0,0
424,United Arab Emirates,ARE,2003,0,0,0
425,United Kingdom,GBR,2003,0,2075,-2075
426,United States,USA,2003,88,1510,-1422
427,Uzbekistan,UZB,2003,0,0,0
428,Venezuela,VEN,2003,0,0,0
429,Vietnam,VNM,2003,0,0,0
430,Zambia,ZMB,2003,0,0,0
431,Zimbabwe,ZWE,2003,0,0,0
432,Albania,ALB,2004,0,0,0
433,Argentina,ARG,2004,0,0,0
434,Australia,AUS,2004,0,0,0
435,Austria,AUT,2004,0,0,0
436,Bangladesh,BGD,2004,0,0,0
437,Belarus,BLR,2004,0,0,0
438,Belgium,BEL,2004,0,0,0
439,Bosnia and Herzegovina,BIH,2004,0,0,0
440,Botswana,BWA,2004,0,0,0
441,Brazil,BRA,2004,0,0,0
442,Brunei,BRN,2004,0,0,0
443,Bulgaria,BGR,2004,0,120,-120
444,Cambodia,KHM,2004,0,0,0
445,Canada,CAN,2004,0,0,0
446,Chile,CHL,2004,0,0,0
447,China,CHN,2004,29981,228,29753
448,Colombia,COL,2004,0,0,0
449,Croatia,HRV,2004,0,0,0
450,Czech Republic,CZE,2004,72,0,72
451,Democratic Republic of Congo,COD,2004,0,0,0
452,Denmark,DNK,2004,0,70,-70
453,Dominican Republic,DOM,2004,0,0,0
454,Egypt,EGY,2004,0,0,0
455,El Salvador,SLV,2004,0,0,0
456,Ethiopia,ETH,2004,0,0,0
457,Finland,FIN,2004,0,0,0
458,France,FRA,2004,46,0,46
459,Georgia,GEO,2004,0,0,0
460,Germany,DEU,2004,0,90,-90
461,Ghana,GHA,2004,0,0,0
462,Greece,GRC,2004,0,0,0
463,Guadeloupe,GLP,2004,0,0,0
464,Guatemala,GTM,2004,0,0,0
465,Guinea,GIN,2004,0,0,0
466,Honduras,HND,2004,0,0,0
467,Hong Kong,HKG,2004,0,0,0
468,Hungary,HUN,2004,0,100,-100
469,India,IND,2004,483,0,483
470,Indonesia,IDN,2004,30,0,30
471,Iran,IRN,2004,0,0,0
472,Ireland,IRL,2004,0,0,0
473,Israel,ISR,2004,0,0,0
474,Italy,ITA,2004,0,250,-250
475,Ivory Coast,CIV,2004,0,0,0
476,Jamaica,JAM,2004,0,0,0
477,Japan,JPN,2004,2702,397,2305
478,Jordan,JOR,2004,0,0,0
479,Kazakhstan,KAZ,2004,0,0,0
480,Kenya,KEN,2004,0,0,0
481,Kosovo,,2004,0,0,0
482,Kyrgyzstan,KGZ,2004,0,0,0
483,Laos,LAO,2004,0,0,0
484,Latvia,LVA,2004,0,0,0
485,Madagascar,MDG,2004,0,0,0
486,Malawi,MWI,2004,0,0,0
487,Malaysia,MYS,2004,110,0,110
488,Mauritius,MUS,2004,0,0,0
489,Mexico,MEX,2004,0,0,0
490,Moldova,MDA,2004,0,0,0
491,Mongolia,MNG,2004,0,0,0
492,Montenegro,MNE,2004,0,0,0
493,Morocco,MAR,2004,0,0,0
494,Mozambique,MOZ,2004,0,0,0
495,Myanmar,MMR,2004,60,0,60
496,Namibia,NAM,2004,0,0,0
497,Netherlands,NLD,2004,0,0,0
498,New Zealand,NZL,2004,0,0,0
499,Niger,NER,2004,0,0,0
500,Nigeria,NGA,2004,0,0,0
501,North Korea,KOR,2004,0,0,0
502,North Macedonia,MKD,2004,0,0,0
503,Oman,OMN,2004,0,0,0
504,Pakistan,PAK,2004,0,0,0
505,Panama,PAN,2004,0,0,0
506,Papua New Guinea,PNG,2004,0,0,0
507,Peru,PER,2004,0,0,0
508,Philippines,PHL,2004,0,0,0
509,Poland,POL,2004,0,0,0
510,Portugal,PRT,2004,0,0,0
511,Reunion,REU,2004,0,0,0
512,Romania,ROU,2004,0,0,0
513,Russia,RUS,2004,200,110,90
514,Senegal,SEN,2004,0,0,0
515,Serbia,SRB,2004,0,0,0
516,Slovakia,SVK,2004,0,0,0
517,Slovenia,SVN,2004,0,0,0
518,South Africa,ZAF,2004,0,0,0
519,South Korea,PRK,2004,1600,0,1600
520,Spain,ESP,2004,0,0,0
521,Sri Lanka,LKA,2004,0,0,0
522,Sudan,SDN,2004,0,0,0
523,Eswatini,SWZ,2004,0,0,0
524,Sweden,SWE,2004,0,0,0
525,Syria,SYR,2004,0,0,0
526,Taiwan,TWN,2004,300,0,300
527,Tajikistan,TJK,2004,0,0,0
528,Tanzania,TZA,2004,0,0,0
529,Thailand,THA,2004,0,0,0
530,Turkey,TUR,2004,0,0,0
531,Ukraine,UKR,2004,0,0,0
532,United Arab Emirates,ARE,2004,0,0,0
533,United Kingdom,GBR,2004,0,0,0
534,United States,USA,2004,585,570,15
535,Uzbekistan,UZB,2004,0,0,0
536,Venezuela,VEN,2004,0,0,0
537,Vietnam,VNM,2004,250,0,250
538,Zambia,ZMB,2004,0,0,0
539,Zimbabwe,ZWE,2004,0,0,0
540,Albania,ALB,2005,0,0,0
541,Argentina,ARG,2005,0,0,0
542,Australia,AUS,2005,0,0,0
543,Austria,AUT,2005,0,0,0
544,Bangladesh,BGD,2005,0,0,0
545,Belarus,BLR,2005,0,0,0
546,Belgium,BEL,2005,0,0,0
547,Bosnia and Herzegovina,BIH,2005,0,0,0
548,Botswana,BWA,2005,0,0,0
549,Brazil,BRA,2005,0,0,0
550,Brunei,BRN,2005,0,0,0
551,Bulgaria,BGR,2005,0,0,0
552,Cambodia,KHM,2005,0,0,0
553,Canada,CAN,2005,466,2658,-2192
554,Chile,CHL,2005,0,0,0
555,China,CHN,2005,46991,50,46941
556,Colombia,COL,2005,0,0,0
557,Croatia,HRV,2005,0,0,0
558,Czech Republic,CZE,2005,0,0,0
559,Democratic Republic of Congo,COD,2005,0,0,0
560,Denmark,DNK,2005,0,0,0
561,Dominican Republic,DOM,2005,0,0,0
562,Egypt,EGY,2005,0,0,0
563,El Salvador,SLV,2005,0,0,0
564,Ethiopia,ETH,2005,0,0,0
565,Finland,FIN,2005,0,0,0
566,France,FRA,2005,0,730,-730
567,Georgia,GEO,2005,0,0,0
568,Germany,DEU,2005,0,510,-510
569,Ghana,GHA,2005,0,0,0
570,Greece,GRC,2005,0,0,0
571,Guadeloupe,GLP,2005,0,0,0
572,Guatemala,GTM,2005,0,0,0
573,Guinea,GIN,2005,0,0,0
574,Honduras,HND,2005,0,0,0
575,Hong Kong,HKG,2005,0,0,0
576,Hungary,HUN,2005,0,0,0
577,India,IND,2005,3325,0,3325
578,Indonesia,IDN,2005,0,0,0
579,Iran,IRN,2005,0,0,0
580,Ireland,IRL,2005,0,0,0
581,Israel,ISR,2005,0,0,0
582,Italy,ITA,2005,350,0,350
583,Ivory Coast,CIV,2005,0,0,0
584,Jamaica,JAM,2005,0,0,0
585,Japan,JPN,2005,276,85,191
586,Jordan,JOR,2005,0,0,0
587,Kazakhstan,KAZ,2005,0,0,0
588,Kenya,KEN,2005,0,0,0
589,Kosovo,,2005,0,0,0
590,Kyrgyzstan,KGZ,2005,0,0,0
591,Laos,LAO,2005,0,0,0
592,Latvia,LVA,2005,0,0,0
593,Madagascar,MDG,2005,0,0,0
594,Malawi,MWI,2005,0,0,0
595,Malaysia,MYS,2005,0,0,0
596,Mauritius,MUS,2005,35,0,35
597,Mexico,MEX,2005,0,0,0
598,Moldova,MDA,2005,0,0,0
599,Mongolia,MNG,2005,0,0,0
600,Montenegro,MNE,2005,0,0,0
601,Morocco,MAR,2005,0,0,0
602,Mozambique,MOZ,2005,0,0,0
603,Myanmar,MMR,2005,60,0,60
604,Namibia,NAM,2005,0,0,0
605,Netherlands,NLD,2005,0,0,0
606,New Zealand,NZL,2005,0,0,0
607,Niger,NER,2005,0,0,0
608,Nigeria,NGA,2005,0,0,0
609,North Korea,KOR,2005,0,0,0
610,North Macedonia,MKD,2005,0,0,0
611,Oman,OMN,2005,0,0,0
612,Pakistan,PAK,2005,0,0,0
613,Panama,PAN,2005,0,0,0
614,Papua New Guinea,PNG,2005,0,0,0
615,Peru,PER,2005,0,0,0
616,Philippines,PHL,2005,0,0,0
617,Poland,POL,2005,0,0,0
618,Portugal,PRT,2005,0,0,0
619,Reunion,REU,2005,0,0,0
620,Romania,ROU,2005,0,0,0
621,Russia,RUS,2005,420,0,420
622,Senegal,SEN,2005,0,0,0
623,Serbia,SRB,2005,0,0,0
624,Slovakia,SVK,2005,0,0,0
625,Slovenia,SVN,2005,0,0,0
626,South Africa,ZAF,2005,0,0,0
627,South Korea,PRK,2005,500,0,500
628,Spain,ESP,2005,0,0,0
629,Sri Lanka,LKA,2005,0,0,0
630,Sudan,SDN,2005,0,0,0
631,Eswatini,SWZ,2005,0,0,0
632,Sweden,SWE,2005,0,0,0
633,Syria,SYR,2005,0,0,0
634,Taiwan,TWN,2005,550,0,550
635,Tajikistan,TJK,2005,0,0,0
636,Tanzania,TZA,2005,0,0,0
637,Thailand,THA,2005,0,0,0
638,Turkey,TUR,2005,495,0,495
639,Ukraine,UKR,2005,0,0,0
640,United Arab Emirates,ARE,2005,0,0,0
641,United Kingdom,GBR,2005,0,0,0
642,United States,USA,2005,434,284,150
643,Uzbekistan,UZB,2005,0,0,0
644,Venezuela,VEN,2005,0,0,0
645,Vietnam,VNM,2005,0,0,0
646,Zambia,ZMB,2005,0,0,0
647,Zimbabwe,ZWE,2005,0,0,0
648,Albania,ALB,2006,0,0,0
649,Argentina,ARG,2006,0,0,0
650,Australia,AUS,2006,0,0,0
651,Austria,AUT,2006,0,330,-330
652,Bangladesh,BGD,2006,250,0,250
653,Belarus,BLR,2006,0,0,0
654,Belgium,BEL,2006,0,341,-341
655,Bosnia and Herzegovina,BIH,2006,0,0,0
656,Botswana,BWA,2006,0,0,0
657,Brazil,BRA,2006,0,0,0
658,Brunei,BRN,2006,0,0,0
659,Bulgaria,BGR,2006,0,0,0
660,Cambodia,KHM,2006,0,0,0
661,Canada,CAN,2006,0,0,0
662,Chile,CHL,2006,0,0,0
663,China,CHN,2006,82067,562,81505
664,Colombia,COL,2006,0,0,0
665,Croatia,HRV,2006,0,0,0
666,Czech Republic,CZE,2006,0,0,0
667,Democratic Republic of Congo,COD,2006,0,0,0
668,Denmark,DNK,2006,0,0,0
669,Dominican Republic,DOM,2006,0,0,0
670,Egypt,EGY,2006,0,0,0
671,El Salvador,SLV,2006,0,0,0
672,Ethiopia,ETH,2006,0,0,0
673,Finland,FIN,2006,0,78,-78
674,France,FRA,2006,58,250,-192
675,Georgia,GEO,2006,0,0,0
676,Germany,DEU,2006,0,0,0
677,Ghana,GHA,2006,0,0,0
678,Greece,GRC,2006,0,0,0
679,Guadeloupe,GLP,2006,0,0,0
680,Guatemala,GTM,2006,0,0,0
681,Guinea,GIN,2006,0,0,0
682,Honduras,HND,2006,0,0,0
683,Hong Kong,HKG,2006,0,0,0
684,Hungary,HUN,2006,0,0,0
685,India,IND,2006,2288,0,2288
686,Indonesia,IDN,2006,1980,0,1980
687,Iran,IRN,2006,0,0,0
688,Ireland,IRL,2006,0,0,0
689,Israel,ISR,2006,0,0,0
690,Italy,ITA,2006,0,0,0
691,Ivory Coast,CIV,2006,0,0,0
692,Jamaica,JAM,2006,0,0,0
693,Japan,JPN,2006,95,0,95
694,Jordan,JOR,2006,0,0,0
695,Kazakhstan,KAZ,2006,120,0,120
696,Kenya,KEN,2006,0,0,0
697,Kosovo,,2006,0,65,-65
698,Kyrgyzstan,KGZ,2006,0,0,0
699,Laos,LAO,2006,0,0,0
700,Latvia,LVA,2006,0,0,0
701,Madagascar,MDG,2006,0,0,0
702,Malawi,MWI,2006,0,0,0
703,Malaysia,MYS,2006,748,0,748
704,Mauritius,MUS,2006,0,0,0
705,Mexico,MEX,2006,0,0,0
706,Moldova,MDA,2006,0,0,0
707,Mongolia,MNG,2006,0,0,0
708,Montenegro,MNE,2006,0,0,0
709,Morocco,MAR,2006,0,0,0
710,Mozambique,MOZ,2006,0,0,0
711,Myanmar,MMR,2006,0,0,0
712,Namibia,NAM,2006,0,0,0
713,Netherlands,NLD,2006,0,0,0
714,New Zealand,NZL,2006,0,0,0
715,Niger,NER,2006,0,0,0
716,Nigeria,NGA,2006,0,0,0
717,North Korea,KOR,2006,0,0,0
718,North Macedonia,MKD,2006,0,0,0
719,Oman,OMN,2006,0,0,0
720,Pakistan,PAK,2006,0,0,0
721,Panama,PAN,2006,0,0,0
722,Papua New Guinea,PNG,2006,0,0,0
723,Peru,PER,2006,0,0,0
724,Philippines,PHL,2006,284,0,284
725,Poland,POL,2006,0,0,0
726,Portugal,PRT,2006,0,0,0
727,Reunion,REU,2006,0,0,0
728,Romania,ROU,2006,0,330,-330
729,Russia,RUS,2006,180,0,180
730,Senegal,SEN,2006,0,0,0
731,Serbia,SRB,2006,0,0,0
732,Slovakia,SVK,2006,0,0,0
733,Slovenia,SVN,2006,0,0,0
734,South Africa,ZAF,2006,0,0,0
735,South Korea,PRK,2006,500,0,500
736,Spain,ESP,2006,0,80,-80
737,Sri Lanka,LKA,2006,0,0,0
738,Sudan,SDN,2006,0,0,0
739,Eswatini,SWZ,2006,0,0,0
740,Sweden,SWE,2006,0,0,0
741,Syria,SYR,2006,0,0,0
742,Taiwan,TWN,2006,550,0,550
743,Tajikistan,TJK,2006,0,0,0
744,Tanzania,TZA,2006,0,0,0
745,Thailand,THA,2006,717,0,717
746,Turkey,TUR,2006,1080,0,1080
747,Ukraine,UKR,2006,0,0,0
748,United Arab Emirates,ARE,2006,0,0,0
749,United Kingdom,GBR,2006,0,0,0
750,United States,USA,2006,574,271,303
751,Uzbekistan,UZB,2006,0,0,0
752,Venezuela,VEN,2006,0,0,0
753,Vietnam,VNM,2006,115,0,115
754,Zambia,ZMB,2006,0,0,0
755,Zimbabwe,ZWE,2006,0,0,0
756,Albania,ALB,2007,0,0,0
757,Argentina,ARG,2007,0,0,0
758,Australia,AUS,2007,750,0,750
759,Austria,AUT,2007,0,0,0
760,Bangladesh,BGD,2007,0,0,0
761,Belarus,BLR,2007,0,0,0
762,Belgium,BEL,2007,0,0,0
763,Bosnia and Herzegovina,BIH,2007,0,0,0
764,Botswana,BWA,2007,0,0,0
765,Brazil,BRA,2007,88,0,88
766,Brunei,BRN,2007,0,0,0
767,Bulgaria,BGR,2007,0,0,0
768,Cambodia,KHM,2007,0,0,0
769,Canada,CAN,2007,0,0,0
770,Chile,CHL,2007,0,0,0
771,China,CHN,2007,82291,9986,72305
772,Colombia,COL,2007,0,0,0
773,Croatia,HRV,2007,0,0,0
774,Czech Republic,CZE,2007,0,0,0
775,Democratic Republic of Congo,COD,2007,0,0,0
776,Denmark,DNK,2007,0,0,0
777,Dominican Republic,DOM,2007,0,0,0
778,Egypt,EGY,2007,0,0,0
779,El Salvador,SLV,2007,0,0,0
780,Ethiopia,ETH,2007,0,0,0
781,Finland,FIN,2007,0,0,0
782,France,FRA,2007,0,0,0
783,Georgia,GEO,2007,0,0,0
784,Germany,DEU,2007,0,0,0
785,Ghana,GHA,2007,0,0,0
786,Greece,GRC,2007,0,0,0
787,Guadeloupe,GLP,2007,0,0,0
788,Guatemala,GTM,2007,0,0,0
789,Guinea,GIN,2007,0,0,0
790,Honduras,HND,2007,0,0,0
791,Hong Kong,HKG,2007,0,0,0
792,Hungary,HUN,2007,0,0,0
793,India,IND,2007,5225,314,4911
794,Indonesia,IDN,2007,180,0,180
795,Iran,IRN,2007,0,0,0
796,Ireland,IRL,2007,0,0,0
797,Israel,ISR,2007,0,0,0
798,Italy,ITA,2007,0,0,0
799,Ivory Coast,CIV,2007,0,0,0
800,Jamaica,JAM,2007,0,0,0
801,Japan,JPN,2007,650,405,245
802,Jordan,JOR,2007,0,0,0
803,Kazakhstan,KAZ,2007,120,0,120
804,Kenya,KEN,2007,0,0,0
805,Kosovo,,2007,0,0,0
806,Kyrgyzstan,KGZ,2007,0,0,0
807,Laos,LAO,2007,0,0,0
808,Latvia,LVA,2007,0,0,0
809,Madagascar,MDG,2007,0,0,0
810,Malawi,MWI,2007,0,0,0
811,Malaysia,MYS,2007,1496,0,1496
812,Mauritius,MUS,2007,90,0,90
813,Mexico,MEX,2007,0,0,0
814,Moldova,MDA,2007,0,0,0
815,Mongolia,MNG,2007,0,0,0
816,Montenegro,MNE,2007,0,0,0
817,Morocco,MAR,2007,0,0,0
818,Mozambique,MOZ,2007,0,0,0
819,Myanmar,MMR,2007,0,0,0
820,Namibia,NAM,2007,0,0,0
821,Netherlands,NLD,2007,0,0,0
822,New Zealand,NZL,2007,0,0,0
823,Niger,NER,2007,0,0,0
824,Nigeria,NGA,2007,0,0,0
825,North Korea,KOR,2007,0,0,0
826,North Macedonia,MKD,2007,0,0,0
827,Oman,OMN,2007,0,0,0
828,Pakistan,PAK,2007,0,0,0
829,Panama,PAN,2007,0,0,0
830,Papua New Guinea,PNG,2007,0,0,0
831,Peru,PER,2007,0,0,0
832,Philippines,PHL,2007,0,0,0
833,Poland,POL,2007,33,100,-67
834,Portugal,PRT,2007,0,0,0
835,Reunion,REU,2007,0,0,0
836,Romania,ROU,2007,0,0,0
837,Russia,RUS,2007,0,0,0
838,Senegal,SEN,2007,0,0,0
839,Serbia,SRB,2007,0,0,0
840,Slovakia,SVK,2007,0,0,0
841,Slovenia,SVN,2007,0,0,0
842,South Africa,ZAF,2007,0,0,0
843,South Korea,PRK,2007,2086,75,2011
844,Spain,ESP,2007,0,753,-753
845,Sri Lanka,LKA,2007,0,0,0
846,Sudan,SDN,2007,0,0,0
847,Eswatini,SWZ,2007,0,0,0
848,Sweden,SWE,2007,0,0,0
849,Syria,SYR,2007,0,0,0
850,Taiwan,TWN,2007,0,400,-400
851,Tajikistan,TJK,2007,0,0,0
852,Tanzania,TZA,2007,0,0,0
853,Thailand,THA,2007,717,0,717
854,Turkey,TUR,2007,78,0,78
855,Ukraine,UKR,2007,0,0,0
856,United Arab Emirates,ARE,2007,0,0,0
857,United Kingdom,GBR,2007,0,67,-67
858,United States,USA,2007,1514,2814,-1300
859,Uzbekistan,UZB,2007,0,0,0
860,Venezuela,VEN,2007,0,0,0
861,Vietnam,VNM,2007,300,0,300
862,Zambia,ZMB,2007,0,0,0
863,Zimbabwe,ZWE,2007,0,0,0
864,Albania,ALB,2008,0,0,0
865,Argentina,ARG,2008,0,0,0
866,Australia,AUS,2008,0,0,0
867,Austria,AUT,2008,0,66,-66
868,Bangladesh,BGD,2008,0,0,0
869,Belarus,BLR,2008,0,0,0
870,Belgium,BEL,2008,0,0,0
871,Bosnia and Herzegovina,BIH,2008,0,0,0
872,Botswana,BWA,2008,0,0,0
873,Brazil,BRA,2008,0,0,0
874,Brunei,BRN,2008,0,0,0
875,Bulgaria,BGR,2008,0,0,0
876,Cambodia,KHM,2008,0,0,0
877,Canada,CAN,2008,0,0,0
878,Chile,CHL,2008,0,0,0
879,China,CHN,2008,62902,9715,53187
880,Colombia,COL,2008,0,0,0
881,Croatia,HRV,2008,0,0,0
882,Czech Republic,CZE,2008,0,30,-30
883,Democratic Republic of Congo,COD,2008,0,0,0
884,Denmark,DNK,2008,0,0,0
885,Dominican Republic,DOM,2008,0,0,0
886,Egypt,EGY,2008,0,0,0
887,El Salvador,SLV,2008,0,0,0
888,Ethiopia,ETH,2008,0,0,0
889,Finland,FIN,2008,0,0,0
890,France,FRA,2008,100,0,100
891,Georgia,GEO,2008,0,0,0
892,Germany,DEU,2008,0,0,0
893,Ghana,GHA,2008,0,0,0
894,Greece,GRC,2008,0,0,0
895,Guadeloupe,GLP,2008,0,0,0
896,Guatemala,GTM,2008,0,0,0
897,Guinea,GIN,2008,0,0,0
898,Honduras,HND,2008,0,0,0
899,Hong Kong,HKG,2008,0,0,0
900,Hungary,HUN,2008,0,0,0
901,India,IND,2008,5396,120,5276
902,Indonesia,IDN,2008,367,0,367
903,Iran,IRN,2008,0,0,0
904,Ireland,IRL,2008,0,0,0
905,Israel,ISR,2008,0,0,0
906,Italy,ITA,2008,0,640,-640
907,Ivory Coast,CIV,2008,0,0,0
908,Jamaica,JAM,2008,0,0,0
909,Japan,JPN,2008,564,0,564
910,Jordan,JOR,2008,0,0,0
911,Kazakhstan,KAZ,2008,0,0,0
912,Kenya,KEN,2008,0,0,0
913,Kosovo,,2008,0,0,0
914,Kyrgyzstan,KGZ,2008,0,0,0
915,Laos,LAO,2008,0,0,0
916,Latvia,LVA,2008,0,0,0
917,Madagascar,MDG,2008,0,0,0
918,Malawi,MWI,2008,0,0,0
919,Malaysia,MYS,2008,0,0,0
920,Mauritius,MUS,2008,0,0,0
921,Mexico,MEX,2008,0,0,0
922,Moldova,MDA,2008,0,0,0
923,Mongolia,MNG,2008,0,0,0
924,Montenegro,MNE,2008,0,0,0
925,Morocco,MAR,2008,0,0,0
926,Mozambique,MOZ,2008,0,0,0
927,Myanmar,MMR,2008,0,0,0
928,Namibia,NAM,2008,0,0,0
929,Netherlands,NLD,2008,0,0,0
930,New Zealand,NZL,2008,0,0,0
931,Niger,NER,2008,0,0,0
932,Nigeria,NGA,2008,0,0,0
933,North Korea,KOR,2008,0,0,0
934,North Macedonia,MKD,2008,0,0,0
935,Oman,OMN,2008,0,0,0
936,Pakistan,PAK,2008,0,0,0
937,Panama,PAN,2008,0,0,0
938,Papua New Guinea,PNG,2008,0,0,0
939,Peru,PER,2008,0,0,0
940,Philippines,PHL,2008,0,0,0
941,Poland,POL,2008,474,72,402
942,Portugal,PRT,2008,0,0,0
943,Reunion,REU,2008,0,0,0
944,Romania,ROU,2008,0,200,-200
945,Russia,RUS,2008,0,0,0
946,Senegal,SEN,2008,0,0,0
947,Serbia,SRB,2008,0,0,0
948,Slovakia,SVK,2008,0,220,-220
949,Slovenia,SVN,2008,0,30,-30
950,South Africa,ZAF,2008,0,0,0
951,South Korea,PRK,2008,1500,0,1500
952,Spain,ESP,2008,0,68,-68
953,Sri Lanka,LKA,2008,0,0,0
954,Sudan,SDN,2008,0,0,0
955,Eswatini,SWZ,2008,0,0,0
956,Sweden,SWE,2008,0,0,0
957,Syria,SYR,2008,0,0,0
958,Taiwan,TWN,2008,0,0,0
959,Tajikistan,TJK,2008,0,0,0
960,Tanzania,TZA,2008,0,0,0
961,Thailand,THA,2008,36,0,36
962,Turkey,TUR,2008,0,0,0
963,Ukraine,UKR,2008,0,0,0
964,United Arab Emirates,ARE,2008,0,0,0
965,United Kingdom,GBR,2008,0,0,0
966,United States,USA,2008,1584,847,737
967,Uzbekistan,UZB,2008,0,0,0
968,Venezuela,VEN,2008,0,0,0
969,Vietnam,VNM,2008,0,0,0
970,Zambia,ZMB,2008,0,0,0
971,Zimbabwe,ZWE,2008,0,0,0
972,Albania,ALB,2009,0,0,0
973,Argentina,ARG,2009,0,0,0
974,Australia,AUS,2009,466,0,466
975,Austria,AUT,2009,0,0,0
976,Bangladesh,BGD,2009,0,0,0
977,Belarus,BLR,2009,0,0,0
978,Belgium,BEL,2009,0,252,-252
979,Bosnia and Herzegovina,BIH,2009,0,0,0
980,Botswana,BWA,2009,0,0,0
981,Brazil,BRA,2009,0,0,0
982,Brunei,BRN,2009,0,0,0
983,Bulgaria,BGR,2009,121,0,121
984,Cambodia,KHM,2009,0,0,0
985,Canada,CAN,2009,0,0,0
986,Chile,CHL,2009,152,0,152
987,China,CHN,2009,60728,10425,50303
988,Colombia,COL,2009,0,0,0
989,Croatia,HRV,2009,0,0,0
990,Czech Republic,CZE,2009,0,0,0
991,Democratic Republic of Congo,COD,2009,0,0,0
992,Denmark,DNK,2009,0,143,-143
993,Dominican Republic,DOM,2009,0,0,0
994,Egypt,EGY,2009,0,0,0
995,El Salvador,SLV,2009,0,0,0
996,Ethiopia,ETH,2009,0,0,0
997,Finland,FIN,2009,0,0,0
998,France,FRA,2009,0,0,0
999,Georgia,GEO,2009,0,0,0
1000,Germany,DEU,2009,31,0,31
1001,Ghana,GHA,2009,0,0,0
1002,Greece,GRC,2009,0,0,0
1003,Guadeloupe,GLP,2009,0,0,0
1004,Guatemala,GTM,2009,0,0,0
1005,Guinea,GIN,2009,0,0,0
1006,Honduras,HND,2009,0,0,0
1007,Hong Kong,HKG,2009,0,0,0
1008,Hungary,HUN,2009,0,0,0
1009,India,IND,2009,5611,120,5491
1010,Indonesia,IDN,2009,351,0,351
1011,Iran,IRN,2009,0,0,0
1012,Ireland,IRL,2009,0,0,0
1013,Israel,ISR,2009,0,0,0
1014,Italy,ITA,2009,660,0,660
1015,Ivory Coast,CIV,2009,0,0,0
1016,Jamaica,JAM,2009,0,0,0
1017,Japan,JPN,2009,630,30,600
1018,Jordan,JOR,2009,0,0,0
1019,Kazakhstan,KAZ,2009,0,0,0
1020,Kenya,KEN,2009,0,0,0
1021,Kosovo,,2009,0,0,0
1022,Kyrgyzstan,KGZ,2009,0,0,0
1023,Laos,LAO,2009,0,0,0
1024,Latvia,LVA,2009,0,0,0
1025,Madagascar,MDG,2009,0,0,0
1026,Malawi,MWI,2009,0,0,0
1027,Malaysia,MYS,2009,1775,0,1775
1028,Mauritius,MUS,2009,0,0,0
1029,Mexico,MEX,2009,0,0,0
1030,Moldova,MDA,2009,0,0,0
1031,Mongolia,MNG,2009,0,0,0
1032,Montenegro,MNE,2009,0,0,0
1033,Morocco,MAR,2009,0,0,0
1034,Mozambique,MOZ,2009,0,0,0
1035,Myanmar,MMR,2009,0,0,0
1036,Namibia,NAM,2009,0,0,0
1037,Netherlands,NLD,2009,0,0,0
1038,New Zealand,NZL,2009,0,0,0
1039,Niger,NER,2009,0,0,0
1040,Nigeria,NGA,2009,0,0,0
1041,North Korea,KOR,2009,0,0,0
1042,North Macedonia,MKD,2009,0,0,0
1043,Oman,OMN,2009,0,0,0
1044,Pakistan,PAK,2009,0,0,0
1045,Panama,PAN,2009,0,0,0
1046,Papua New Guinea,PNG,2009,0,0,0
1047,Peru,PER,2009,0,0,0
1048,Philippines,PHL,2009,0,0,0
1049,Poland,POL,2009,560,340,220
1050,Portugal,PRT,2009,0,0,0
1051,Reunion,REU,2009,0,0,0
1052,Romania,ROU,2009,0,0,0
1053,Russia,RUS,2009,750,0,750
1054,Senegal,SEN,2009,0,0,0
1055,Serbia,SRB,2009,0,32,-32
1056,Slovakia,SVK,2009,0,0,0
1057,Slovenia,SVN,2009,0,0,0
1058,South Africa,ZAF,2009,0,0,0
1059,South Korea,PRK,2009,2359,0,2359
1060,Spain,ESP,2009,0,0,0
1061,Sri Lanka,LKA,2009,0,0,0
1062,Sudan,SDN,2009,0,0,0
1063,Eswatini,SWZ,2009,0,0,0
1064,Sweden,SWE,2009,0,0,0
1065,Syria,SYR,2009,0,0,0
1066,Taiwan,TWN,2009,0,0,0
1067,Tajikistan,TJK,2009,0,0,0
1068,Tanzania,TZA,2009,0,0,0
1069,Thailand,THA,2009,0,0,0
1070,Turkey,TUR,2009,405,0,405
1071,Ukraine,UKR,2009,0,0,0
1072,United Arab Emirates,ARE,2009,0,0,0
1073,United Kingdom,GBR,2009,0,0,0
1074,United States,USA,2009,2597,1552,1045
1075,Uzbekistan,UZB,2009,0,0,0
1076,Venezuela,VEN,2009,0,0,0
1077,Vietnam,VNM,2009,520,0,520
1078,Zambia,ZMB,2009,0,0,0
1079,Zimbabwe,ZWE,2009,0,0,0
1080,Albania,ALB,2010,0,0,0
1081,Argentina,ARG,2010,0,0,0
1082,Australia,AUS,2010,0,490,-490
1083,Austria,AUT,2010,0,55,-55
1084,Bangladesh,BGD,2010,0,0,0
1085,Belarus,BLR,2010,0,0,0
1086,Belgium,BEL,2010,0,457,-457
1087,Bosnia and Herzegovina,BIH,2010,0,0,0
1088,Botswana,BWA,2010,0,0,0
1089,Brazil,BRA,2010,414,0,414
1090,Brunei,BRN,2010,0,0,0
1091,Bulgaria,BGR,2010,0,0,0
1092,Cambodia,KHM,2010,0,0,0
1093,Canada,CAN,2010,0,2319,-2319
1094,Chile,CHL,2010,419,0,419
1095,China,CHN,2010,64051,9847,54204
1096,Colombia,COL,2010,0,0,0
1097,Croatia,HRV,2010,0,0,0
1098,Czech Republic,CZE,2010,0,0,0
1099,Democratic Republic of Congo,COD,2010,0,0,0
1100,Denmark,DNK,2010,0,326,-326
1101,Dominican Republic,DOM,2010,0,0,0
1102,Egypt,EGY,2010,0,0,0
1103,El Salvador,SLV,2010,0,0,0
1104,Ethiopia,ETH,2010,0,0,0
1105,Finland,FIN,2010,0,0,0
1106,France,FRA,2010,0,0,0
1107,Georgia,GEO,2010,0,0,0
1108,Germany,DEU,2010,85,0,85
1109,Ghana,GHA,2010,0,0,0
1110,Greece,GRC,2010,0,70,-70
1111,Guadeloupe,GLP,2010,0,0,0
1112,Guatemala,GTM,2010,0,0,0
1113,Guinea,GIN,2010,0,0,0
1114,Honduras,HND,2010,0,0,0
1115,Hong Kong,HKG,2010,0,0,0
1116,Hungary,HUN,2010,0,0,0
1117,India,IND,2010,12276,1085,11191
1118,Indonesia,IDN,2010,646,0,646
1119,Iran,IRN,2010,0,0,0
1120,Ireland,IRL,2010,0,0,0
1121,Israel,ISR,2010,0,0,0
1122,Italy,ITA,2010,1320,75,1245
1123,Ivory Coast,CIV,2010,0,0,0
1124,Jamaica,JAM,2010,0,0,0
1125,Japan,JPN,2010,1010,31,979
1126,Jordan,JOR,2010,0,0,0
1127,Kazakhstan,KAZ,2010,63,0,63
1128,Kenya,KEN,2010,0,0,0
1129,Kosovo,,2010,0,125,-125
1130,Kyrgyzstan,KGZ,2010,0,0,0
1131,Laos,LAO,2010,0,0,0
1132,Latvia,LVA,2010,0,0,0
1133,Madagascar,MDG,2010,0,0,0
1134,Malawi,MWI,2010,0,0,0
1135,Malaysia,MYS,2010,0,0,0
1136,Mauritius,MUS,2010,0,0,0
1137,Mexico,MEX,2010,678,0,678
1138,Moldova,MDA,2010,0,0,0
1139,Mongolia,MNG,2010,0,0,0
1140,Montenegro,MNE,2010,0,0,0
1141,Morocco,MAR,2010,0,0,0
1142,Mozambique,MOZ,2010,0,0,0
1143,Myanmar,MMR,2010,0,0,0
1144,Namibia,NAM,2010,0,0,0
1145,Netherlands,NLD,2010,0,0,0
1146,New Zealand,NZL,2010,0,0,0
1147,Niger,NER,2010,0,0,0
1148,Nigeria,NGA,2010,0,0,0
1149,North Korea,KOR,2010,600,0,600
1150,North Macedonia,MKD,2010,0,0,0
1151,Oman,OMN,2010,0,0,0
1152,Pakistan,PAK,2010,0,0,0
1153,Panama,PAN,2010,0,0,0
1154,Papua New Guinea,PNG,2010,0,0,0
1155,Peru,PER,2010,0,0,0
1156,Philippines,PHL,2010,267,0,267
1157,Poland,POL,2010,64,200,-136
1158,Portugal,PRT,2010,0,0,0
1159,Reunion,REU,2010,0,0,0
1160,Romania,ROU,2010,0,50,-50
1161,Russia,RUS,2010,0,0,0
1162,Senegal,SEN,2010,0,0,0
1163,Serbia,SRB,2010,0,0,0
1164,Slovakia,SVK,2010,0,220,-220
1165,Slovenia,SVN,2010,0,30,-30
1166,South Africa,ZAF,2010,0,0,0
1167,South Korea,PRK,2010,250,0,250
1168,Spain,ESP,2010,0,0,0
1169,Sri Lanka,LKA,2010,0,0,0
1170,Sudan,SDN,2010,0,0,0
1171,Eswatini,SWZ,2010,0,0,0
1172,Sweden,SWE,2010,0,0,0
1173,Syria,SYR,2010,60,0,60
1174,Taiwan,TWN,2010,0,0,0
1175,Tajikistan,TJK,2010,0,0,0
1176,Tanzania,TZA,2010,0,0,0
1177,Thailand,THA,2010,85,0,85
1178,Turkey,TUR,2010,1390,0,1390
1179,Ukraine,UKR,2010,0,0,0
1180,United Arab Emirates,ARE,2010,0,0,0
1181,United Kingdom,GBR,2010,0,0,0
1182,United States,USA,2010,5879,2452,3427
1183,Uzbekistan,UZB,2010,0,0,0
1184,Venezuela,VEN,2010,0,0,0
1185,Vietnam,VNM,2010,300,0,300
1186,Zambia,ZMB,2010,0,0,0
1187,Zimbabwe,ZWE,2010,0,0,0
1188,Albania,ALB,2011,0,0,0
1189,Argentina,ARG,2011,0,0,0
1190,Australia,AUS,2011,0,125,-125
1191,Austria,AUT,2011,0,192,-192
1192,Bangladesh,BGD,2011,0,0,0
1193,Belarus,BLR,2011,0,0,0
1194,Belgium,BEL,2011,0,0,0
1195,Bosnia and Herzegovina,BIH,2011,0,0,0
1196,Botswana,BWA,2011,0,0,0
1197,Brazil,BRA,2011,0,0,0
1198,Brunei,BRN,2011,0,0,0
1199,Bulgaria,BGR,2011,670,0,670
1200,Cambodia,KHM,2011,0,0,0
1201,Canada,CAN,2011,495,980,-485
1202,Chile,CHL,2011,710,0,710
1203,China,CHN,2011,61581,3954,57627
1204,Colombia,COL,2011,0,0,0
1205,Croatia,HRV,2011,0,0,0
1206,Czech Republic,CZE,2011,0,0,0
1207,Democratic Republic of Congo,COD,2011,0,0,0
1208,Denmark,DNK,2011,0,0,0
1209,Dominican Republic,DOM,2011,0,0,0
1210,Egypt,EGY,2011,0,0,0
1211,El Salvador,SLV,2011,0,0,0
1212,Ethiopia,ETH,2011,0,0,0
1213,Finland,FIN,2011,0,0,0
1214,France,FRA,2011,0,0,0
1215,Georgia,GEO,2011,0,0,0
1216,Germany,DEU,2011,0,746,-746
1217,Ghana,GHA,2011,0,0,0
1218,Greece,GRC,2011,0,250,-250
1219,Guadeloupe,GLP,2011,38,0,38
1220,Guatemala,GTM,2011,83,0,83
1221,Guinea,GIN,2011,0,0,0
1222,Honduras,HND,2011,0,0,0
1223,Hong Kong,HKG,2011,0,0,0
1224,Hungary,HUN,2011,0,305,-305
1225,India,IND,2011,15072,94,14978
1226,Indonesia,IDN,2011,4695,0,4695
1227,Iran,IRN,2011,0,0,0
1228,Ireland,IRL,2011,0,0,0
1229,Israel,ISR,2011,0,0,0
1230,Italy,ITA,2011,0,0,0
1231,Ivory Coast,CIV,2011,0,0,0
1232,Jamaica,JAM,2011,0,0,0
1233,Japan,JPN,2011,0,0,0
1234,Jordan,JOR,2011,0,0,0
1235,Kazakhstan,KAZ,2011,150,0,150
1236,Kenya,KEN,2011,0,0,0
1237,Kosovo,,2011,0,0,0
1238,Kyrgyzstan,KGZ,2011,0,0,0
1239,Laos,LAO,2011,0,0,0
1240,Latvia,LVA,2011,0,0,0
1241,Madagascar,MDG,2011,120,0,120
1242,Malawi,MWI,2011,0,0,0
1243,Malaysia,MYS,2011,0,0,0
1244,Mauritius,MUS,2011,0,0,0
1245,Mexico,MEX,2011,0,0,0
1246,Moldova,MDA,2011,0,0,0
1247,Mongolia,MNG,2011,0,0,0
1248,Montenegro,MNE,2011,0,0,0
1249,Morocco,MAR,2011,0,0,0
1250,Mozambique,MOZ,2011,0,0,0
1251,Myanmar,MMR,2011,0,0,0
1252,Namibia,NAM,2011,0,0,0
1253,Netherlands,NLD,2011,0,0,0
1254,New Zealand,NZL,2011,0,0,0
1255,Niger,NER,2011,0,0,0
1256,Nigeria,NGA,2011,0,0,0
1257,North Korea,KOR,2011,0,0,0
1258,North Macedonia,MKD,2011,0,0,0
1259,Oman,OMN,2011,0,0,0
1260,Pakistan,PAK,2011,0,0,0
1261,Panama,PAN,2011,120,0,120
1262,Papua New Guinea,PNG,2011,0,0,0
1263,Peru,PER,2011,0,0,0
1264,Philippines,PHL,2011,349,0,349
1265,Poland,POL,2011,858,225,633
1266,Portugal,PRT,2011,0,0,0
1267,Reunion,REU,2011,0,0,0
1268,Romania,ROU,2011,0,0,0
1269,Russia,RUS,2011,100,0,100
1270,Senegal,SEN,2011,30,0,30
1271,Serbia,SRB,2011,0,0,0
1272,Slovakia,SVK,2011,0,0,0
1273,Slovenia,SVN,2011,0,0,0
1274,South Africa,ZAF,2011,0,0,0
1275,South Korea,PRK,2011,123,0,123
1276,Spain,ESP,2011,0,160,-160
1277,Sri Lanka,LKA,2011,300,0,300
1278,Sudan,SDN,2011,0,0,0
1279,Eswatini,SWZ,2011,0,0,0
1280,Sweden,SWE,2011,0,0,0
1281,Syria,SYR,2011,0,0,0
1282,Taiwan,TWN,2011,50,0,50
1283,Tajikistan,TJK,2011,0,0,0
1284,Tanzania,TZA,2011,0,0,0
1285,Thailand,THA,2011,0,0,0
1286,Turkey,TUR,2011,600,0,600
1287,Ukraine,UKR,2011,0,0,0
1288,United Arab Emirates,ARE,2011,0,0,0
1289,United Kingdom,GBR,2011,0,2064,-2064
1290,United States,USA,2011,4254,3301,953
1291,Uzbekistan,UZB,2011,0,0,0
1292,Venezuela,VEN,2011,0,0,0
1293,Vietnam,VNM,2011,1280,0,1280
1294,Zambia,ZMB,2011,0,0,0
1295,Zimbabwe,ZWE,2011,0,0,0
1296,Albania,ALB,2012,0,0,0
1297,Argentina,ARG,2012,0,0,0
1298,Australia,AUS,2012,144,905,-761
1299,Austria,AUT,2012,0,0,0
1300,Bangladesh,BGD,2012,0,0,0
1301,Belarus,BLR,2012,0,0,0
1302,Belgium,BEL,2012,0,260,-260
1303,Bosnia and Herzegovina,BIH,2012,0,0,0
1304,Botswana,BWA,2012,0,0,0
1305,Brazil,BRA,2012,360,0,360
1306,Brunei,BRN,2012,0,0,0
1307,Bulgaria,BGR,2012,0,0,0
1308,Cambodia,KHM,2012,0,0,0
1309,Canada,CAN,2012,0,0,0
1310,Chile,CHL,2012,885,0,885
1311,China,CHN,2012,52029,3660,48369
1312,Colombia,COL,2012,0,0,0
1313,Croatia,HRV,2012,0,0,0
1314,Czech Republic,CZE,2012,0,630,-630
1315,Democratic Republic of Congo,COD,2012,0,0,0
1316,Denmark,DNK,2012,0,266,-266
1317,Dominican Republic,DOM,2012,0,0,0
1318,Egypt,EGY,2012,0,0,0
1319,El Salvador,SLV,2012,0,0,0
1320,Ethiopia,ETH,2012,0,0,0
1321,Finland,FIN,2012,0,0,0
1322,France,FRA,2012,270,0,270
1323,Georgia,GEO,2012,0,0,0
1324,Germany,DEU,2012,2875,2963,-88
1325,Ghana,GHA,2012,0,0,0
1326,Greece,GRC,2012,0,0,0
1327,Guadeloupe,GLP,2012,0,0,0
1328,Guatemala,GTM,2012,57,0,57
1329,Guinea,GIN,2012,0,0,0
1330,Honduras,HND,2012,0,0,0
1331,Hong Kong,HKG,2012,0,0,0
1332,Hungary,HUN,2012,0,110,-110
1333,India,IND,2012,18122,63,18059
1334,Indonesia,IDN,2012,4045,0,4045
1335,Iran,IRN,2012,0,0,0
1336,Ireland,IRL,2012,0,0,0
1337,Israel,ISR,2012,0,0,0
1338,Italy,ITA,2012,0,0,0
1339,Ivory Coast,CIV,2012,0,0,0
1340,Jamaica,JAM,2012,0,0,0
1341,Japan,JPN,2012,0,0,0
1342,Jordan,JOR,2012,0,0,0
1343,Kazakhstan,KAZ,2012,0,0,0
1344,Kenya,KEN,2012,0,0,0
1345,Kosovo,,2012,0,0,0
1346,Kyrgyzstan,KGZ,2012,0,0,0
1347,Laos,LAO,2012,0,0,0
1348,Latvia,LVA,2012,0,0,0
1349,Madagascar,MDG,2012,0,0,0
1350,Malawi,MWI,2012,0,0,0
1351,Malaysia,MYS,2012,0,0,0
1352,Mauritius,MUS,2012,0,0,0
1353,Mexico,MEX,2012,0,0,0
1354,Moldova,MDA,2012,0,0,0
1355,Mongolia,MNG,2012,0,0,0
1356,Montenegro,MNE,2012,0,0,0
1357,Morocco,MAR,2012,0,0,0
1358,Mozambique,MOZ,2012,0,0,0
1359,Myanmar,MMR,2012,0,0,0
1360,Namibia,NAM,2012,0,0,0
1361,Netherlands,NLD,2012,0,0,0
1362,New Zealand,NZL,2012,0,250,-250
1363,Niger,NER,2012,0,0,0
1364,Nigeria,NGA,2012,0,0,0
1365,North Korea,KOR,2012,0,0,0
1366,North Macedonia,MKD,2012,0,0,0
1367,Oman,OMN,2012,0,0,0
1368,Pakistan,PAK,2012,0,0,0
1369,Panama,PAN,2012,0,0,0
1370,Papua New Guinea,PNG,2012,0,0,0
1371,Peru,PER,2012,0,0,0
1372,Philippines,PHL,2012,0,0,0
1373,Poland,POL,2012,0,744,-744
1374,Portugal,PRT,2012,0,0,0
1375,Reunion,REU,2012,0,0,0
1376,Romania,ROU,2012,0,210,-210
1377,Russia,RUS,2012,549,0,549
1378,Senegal,SEN,2012,0,0,0
1379,Serbia,SRB,2012,0,0,0
1380,Slovakia,SVK,2012,0,0,0
1381,Slovenia,SVN,2012,0,0,0
1382,South Africa,ZAF,2012,0,0,0
1383,South Korea,PRK,2012,0,0,0
1384,Spain,ESP,2012,0,796,-796
1385,Sri Lanka,LKA,2012,0,0,0
1386,Sudan,SDN,2012,0,0,0
1387,Eswatini,SWZ,2012,0,0,0
1388,Sweden,SWE,2012,0,0,0
1389,Syria,SYR,2012,0,0,0
1390,Taiwan,TWN,2012,0,600,-600
1391,Tajikistan,TJK,2012,0,0,0
1392,Tanzania,TZA,2012,0,0,0
1393,Thailand,THA,2012,967,0,967
1394,Turkey,TUR,2012,0,0,0
1395,Ukraine,UKR,2012,0,0,0
1396,United Arab Emirates,ARE,2012,0,0,0
1397,United Kingdom,GBR,2012,0,2172,-2172
1398,United States,USA,2012,3953,10363,-6410
1399,Uzbekistan,UZB,2012,0,0,0
1400,Venezuela,VEN,2012,0,0,0
1401,Vietnam,VNM,2012,480,0,480
1402,Zambia,ZMB,2012,0,0,0
1403,Zimbabwe,ZWE,2012,0,0,0
1404,Albania,ALB,2013,0,0,0
1405,Argentina,ARG,2013,0,0,0
1406,Australia,AUS,2013,0,0,0
1407,Austria,AUT,2013,0,0,0
1408,Bangladesh,BGD,2013,0,0,0
1409,Belarus,BLR,2013,0,0,0
1410,Belgium,BEL,2013,0,590,-590
1411,Bosnia and Herzegovina,BIH,2013,0,0,0
1412,Botswana,BWA,2013,300,0,300
1413,Brazil,BRA,2013,1085,0,1085
1414,Brunei,BRN,2013,0,0,0
1415,Bulgaria,BGR,2013,0,210,-210
1416,Cambodia,KHM,2013,0,0,0
1417,Canada,CAN,2013,0,3086,-3086
1418,Chile,CHL,2013,270,0,270
1419,China,CHN,2013,51729,2988,48741
1420,Colombia,COL,2013,0,0,0
1421,Croatia,HRV,2013,0,0,0
1422,Czech Republic,CZE,2013,0,0,0
1423,Democratic Republic of Congo,COD,2013,0,0,0
1424,Denmark,DNK,2013,0,0,0
1425,Dominican Republic,DOM,2013,0,0,0
1426,Egypt,EGY,2013,0,0,0
1427,El Salvador,SLV,2013,0,0,0
1428,Ethiopia,ETH,2013,0,0,0
1429,Finland,FIN,2013,0,80,-80
1430,France,FRA,2013,0,1585,-1585
1431,Georgia,GEO,2013,0,0,0
1432,Germany,DEU,2013,1600,1314,286
1433,Ghana,GHA,2013,0,0,0
1434,Greece,GRC,2013,0,33,-33
1435,Guadeloupe,GLP,2013,0,0,0
1436,Guatemala,GTM,2013,46,0,46
1437,Guinea,GIN,2013,0,0,0
1438,Honduras,HND,2013,0,0,0
1439,Hong Kong,HKG,2013,0,0,0
1440,Hungary,HUN,2013,0,0,0
1441,India,IND,2013,18408,188,18220
1442,Indonesia,IDN,2013,2024,0,2024
1443,Iran,IRN,2013,0,0,0
1444,Ireland,IRL,2013,0,0,0
1445,Israel,ISR,2013,0,0,0
1446,Italy,ITA,2013,0,0,0
1447,Ivory Coast,CIV,2013,0,0,0
1448,Jamaica,JAM,2013,0,0,0
1449,Japan,JPN,2013,1850,0,1850
1450,Jordan,JOR,2013,0,0,0
1451,Kazakhstan,KAZ,2013,60,0,60
1452,Kenya,KEN,2013,0,0,0
1453,Kosovo,,2013,0,0,0
1454,Kyrgyzstan,KGZ,2013,0,0,0
1455,Laos,LAO,2013,0,0,0
1456,Latvia,LVA,2013,0,0,0
1457,Madagascar,MDG,2013,0,0,0
1458,Malawi,MWI,2013,0,0,0
1459,Malaysia,MYS,2013,0,0,0
1460,Mauritius,MUS,2013,0,0,0
1461,Mexico,MEX,2013,0,0,0
1462,Moldova,MDA,2013,0,0,0
1463,Mongolia,MNG,2013,0,0,0
1464,Montenegro,MNE,2013,0,0,0
1465,Morocco,MAR,2013,0,0,0
1466,Mozambique,MOZ,2013,0,0,0
1467,Myanmar,MMR,2013,0,0,0
1468,Namibia,NAM,2013,0,0,0
1469,Netherlands,NLD,2013,0,0,0
1470,New Zealand,NZL,2013,0,250,-250
1471,Niger,NER,2013,0,0,0
1472,Nigeria,NGA,2013,0,0,0
1473,North Korea,KOR,2013,0,0,0
1474,North Macedonia,MKD,2013,0,0,0
1475,Oman,OMN,2013,0,0,0
1476,Pakistan,PAK,2013,0,0,0
1477,Panama,PAN,2013,0,0,0
1478,Papua New Guinea,PNG,2013,0,0,0
1479,Peru,PER,2013,0,0,0
1480,Philippines,PHL,2013,600,0,600
1481,Poland,POL,2013,50,446,-396
1482,Portugal,PRT,2013,0,0,0
1483,Reunion,REU,2013,0,0,0
1484,Romania,ROU,2013,0,150,-150
1485,Russia,RUS,2013,716,670,46
1486,Senegal,SEN,2013,0,0,0
1487,Serbia,SRB,2013,0,0,0
1488,Slovakia,SVK,2013,0,32,-32
1489,Slovenia,SVN,2013,0,0,0
1490,South Africa,ZAF,2013,0,0,0
1491,South Korea,PRK,2013,60,0,60
1492,Spain,ESP,2013,0,590,-590
1493,Sri Lanka,LKA,2013,0,0,0
1494,Sudan,SDN,2013,0,0,0
1495,Eswatini,SWZ,2013,0,0,0
1496,Sweden,SWE,2013,0,0,0
1497,Syria,SYR,2013,0,0,0
1498,Taiwan,TWN,2013,0,0,0
1499,Tajikistan,TJK,2013,0,0,0
1500,Tanzania,TZA,2013,0,0,0
1501,Thailand,THA,2013,0,0,0
1502,Turkey,TUR,2013,188,0,188
1503,Ukraine,UKR,2013,0,0,0
1504,United Arab Emirates,ARE,2013,0,0,0
1505,United Kingdom,GBR,2013,0,4177,-4177
1506,United States,USA,2013,1813,6801,-4988
1507,Uzbekistan,UZB,2013,0,0,0
1508,Venezuela,VEN,2013,0,0,0
1509,Vietnam,VNM,2013,1040,0,1040
1510,Zambia,ZMB,2013,0,0,0
1511,Zimbabwe,ZWE,2013,0,0,0
1512,Albania,ALB,2014,0,0,0
1513,Argentina,ARG,2014,0,0,0
1514,Australia,AUS,2014,0,1301,-1301
1515,Austria,AUT,2014,0,0,0
1516,Bangladesh,BGD,2014,0,0,0
1517,Belarus,BLR,2014,0,0,0
1518,Belgium,BEL,2014,0,0,0
1519,Bosnia and Herzegovina,BIH,2014,0,0,0
1520,Botswana,BWA,2014,300,0,300
1521,Brazil,BRA,2014,0,0,0
1522,Brunei,BRN,2014,0,0,0
1523,Bulgaria,BGR,2014,0,210,-210
1524,Cambodia,KHM,2014,235,0,235
1525,Canada,CAN,2014,110,162,-52
1526,Chile,CHL,2014,0,0,0
1527,China,CHN,2014,39057,8767,30290
1528,Colombia,COL,2014,0,0,0
1529,Croatia,HRV,2014,0,0,0
1530,Czech Republic,CZE,2014,135,0,135
1531,Democratic Republic of Congo,COD,2014,0,0,0
1532,Denmark,DNK,2014,0,305,-305
1533,Dominican Republic,DOM,2014,0,0,0
1534,Egypt,EGY,2014,0,0,0
1535,El Salvador,SLV,2014,0,0,0
1536,Ethiopia,ETH,2014,0,0,0
1537,Finland,FIN,2014,0,1000,-1000
1538,France,FRA,2014,0,516,-516
1539,Georgia,GEO,2014,0,0,0
1540,Germany,DEU,2014,1710,2329,-619
1541,Ghana,GHA,2014,0,0,0
1542,Greece,GRC,2014,0,0,0
1543,Guadeloupe,GLP,2014,0,0,0
1544,Guatemala,GTM,2014,165,0,165
1545,Guinea,GIN,2014,0,0,0
1546,Honduras,HND,2014,0,0,0
1547,Hong Kong,HKG,2014,0,0,0
1548,Hungary,HUN,2014,0,0,0
1549,India,IND,2014,20799,343,20456
1550,Indonesia,IDN,2014,1080,0,1080
1551,Iran,IRN,2014,0,0,0
1552,Ireland,IRL,2014,0,0,0
1553,Israel,ISR,2014,0,0,0
1554,Italy,ITA,2014,0,140,-140
1555,Ivory Coast,CIV,2014,0,0,0
1556,Jamaica,JAM,2014,0,0,0
1557,Japan,JPN,2014,0,0,0
1558,Jordan,JOR,2014,0,0,0
1559,Kazakhstan,KAZ,2014,0,0,0
1560,Kenya,KEN,2014,0,0,0
1561,Kosovo,,2014,0,0,0
1562,Kyrgyzstan,KGZ,2014,0,0,0
1563,Laos,LAO,2014,0,0,0
1564,Latvia,LVA,2014,0,0,0
1565,Madagascar,MDG,2014,0,0,0
1566,Malawi,MWI,2014,0,0,0
1567,Malaysia,MYS,2014,0,0,0
1568,Mauritius,MUS,2014,0,0,0
1569,Mexico,MEX,2014,0,0,0
1570,Moldova,MDA,2014,0,0,0
1571,Mongolia,MNG,2014,50,0,50
1572,Montenegro,MNE,2014,0,0,0
1573,Morocco,MAR,2014,700,0,700
1574,Mozambique,MOZ,2014,0,0,0
1575,Myanmar,MMR,2014,0,0,0
1576,Namibia,NAM,2014,0,0,0
1577,Netherlands,NLD,2014,0,0,0
1578,New Zealand,NZL,2014,0,0,0
1579,Niger,NER,2014,0,0,0
1580,Nigeria,NGA,2014,0,0,0
1581,North Korea,KOR,2014,0,0,0
1582,North Macedonia,MKD,2014,0,0,0
1583,Oman,OMN,2014,0,0,0
1584,Pakistan,PAK,2014,0,0,0
1585,Panama,PAN,2014,0,0,0
1586,Papua New Guinea,PNG,2014,0,0,0
1587,Peru,PER,2014,0,0,0
1588,Philippines,PHL,2014,82,0,82
1589,Poland,POL,2014,0,380,-380
1590,Portugal,PRT,2014,0,0,0
1591,Reunion,REU,2014,0,0,0
1592,Romania,ROU,2014,0,0,0
1593,Russia,RUS,2014,1126,0,1126
1594,Senegal,SEN,2014,0,0,0
1595,Serbia,SRB,2014,0,0,0
1596,Slovakia,SVK,2014,0,0,0
1597,Slovenia,SVN,2014,0,75,-75
1598,South Africa,ZAF,2014,0,0,0
1599,South Korea,PRK,2014,1800,0,1800
1600,Spain,ESP,2014,0,0,0
1601,Sri Lanka,LKA,2014,600,0,600
1602,Sudan,SDN,2014,0,0,0
1603,Eswatini,SWZ,2014,0,0,0
1604,Sweden,SWE,2014,0,150,-150
1605,Syria,SYR,2014,0,0,0
1606,Taiwan,TWN,2014,0,600,-600
1607,Tajikistan,TJK,2014,100,0,100
1608,Tanzania,TZA,2014,0,0,0
1609,Thailand,THA,2014,0,0,0
1610,Turkey,TUR,2014,1597,0,1597
1611,Ukraine,UKR,2014,0,0,0
1612,United Arab Emirates,ARE,2014,0,0,0
1613,United Kingdom,GBR,2014,0,1887,-1887
1614,United States,USA,2014,106,4613,-4507
1615,Uzbekistan,UZB,2014,0,0,0
1616,Venezuela,VEN,2014,0,0,0
1617,Vietnam,VNM,2014,3104,0,3104
1618,Zambia,ZMB,2014,0,0,0
1619,Zimbabwe,ZWE,2014,0,0,0
1620,Albania,ALB,2015,0,0,0
1621,Argentina,ARG,2015,120,0,120
1622,Australia,AUS,2015,0,590,-590
1623,Austria,AUT,2015,0,450,-450
1624,Bangladesh,BGD,2015,0,0,0
1625,Belarus,BLR,2015,0,0,0
1626,Belgium,BEL,2015,0,0,0
1627,Bosnia and Herzegovina,BIH,2015,0,0,0
1628,Botswana,BWA,2015,0,0,0
1629,Brazil,BRA,2015,0,0,0
1630,Brunei,BRN,2015,0,0,0
1631,Bulgaria,BGR,2015,0,840,-840
1632,Cambodia,KHM,2015,135,0,135
1633,Canada,CAN,2015,0,0,0
1634,Chile,CHL,2015,152,0,152
1635,China,CHN,2015,65037,6049,58988
1636,Colombia,COL,2015,164,0,164
1637,Croatia,HRV,2015,0,0,0
1638,Czech Republic,CZE,2015,0,0,0
1639,Democratic Republic of Congo,COD,2015,0,0,0
1640,Denmark,DNK,2015,0,0,0
1641,Dominican Republic,DOM,2015,0,0,0
1642,Egypt,EGY,2015,0,0,0
1643,El Salvador,SLV,2015,0,0,0
1644,Ethiopia,ETH,2015,0,0,0
1645,Finland,FIN,2015,0,0,0
1646,France,FRA,2015,0,2058,-2058
1647,Georgia,GEO,2015,0,0,0
1648,Germany,DEU,2015,3472,1075,2397
1649,Ghana,GHA,2015,0,0,0
1650,Greece,GRC,2015,0,0,0
1651,Guadeloupe,GLP,2015,0,0,0
1652,Guatemala,GTM,2015,159,0,159
1653,Guinea,GIN,2015,0,0,0
1654,Honduras,HND,2015,70,0,70
1655,Hong Kong,HKG,2015,0,0,0
1656,Hungary,HUN,2015,0,0,0
1657,India,IND,2015,20090,470,19620
1658,Indonesia,IDN,2015,2421,0,2421
1659,Iran,IRN,2015,0,0,0
1660,Ireland,IRL,2015,0,0,0
1661,Israel,ISR,2015,0,0,0
1662,Italy,ITA,2015,0,140,-140
1663,Ivory Coast,CIV,2015,0,0,0
1664,Jamaica,JAM,2015,0,0,0
1665,Japan,JPN,2015,38,0,38
1666,Jordan,JOR,2015,0,0,0
1667,Kazakhstan,KAZ,2015,283,0,283
1668,Kenya,KEN,2015,0,0,0
1669,Kosovo,,2015,0,0,0
1670,Kyrgyzstan,KGZ,2015,0,0,0
1671,Laos,LAO,2015,1252,0,1252
1672,Latvia,LVA,2015,0,0,0
1673,Madagascar,MDG,2015,0,0,0
1674,Malawi,MWI,2015,0,0,0
1675,Malaysia,MYS,2015,1000,0,1000
1676,Mauritius,MUS,2015,0,0,0
1677,Mexico,MEX,2015,0,0,0
1678,Moldova,MDA,2015,0,0,0
1679,Mongolia,MNG,2015,125,0,125
1680,Montenegro,MNE,2015,0,0,0
1681,Morocco,MAR,2015,0,0,0
1682,Mozambique,MOZ,2015,0,0,0
1683,Myanmar,MMR,2015,0,0,0
1684,Namibia,NAM,2015,0,0,0
1685,Netherlands,NLD,2015,2400,1774,626
1686,New Zealand,NZL,2015,0,0,0
1687,Niger,NER,2015,0,0,0
1688,Nigeria,NGA,2015,0,0,0
1689,North Korea,KOR,2015,0,0,0
1690,North Macedonia,MKD,2015,0,0,0
1691,Oman,OMN,2015,0,0,0
1692,Pakistan,PAK,2015,0,0,0
1693,Panama,PAN,2015,0,0,0
1694,Papua New Guinea,PNG,2015,0,0,0
1695,Peru,PER,2015,0,0,0
1696,Philippines,PHL,2015,585,0,585
1697,Poland,POL,2015,55,293,-238
1698,Portugal,PRT,2015,0,0,0
1699,Reunion,REU,2015,0,0,0
1700,Romania,ROU,2015,0,730,-730
1701,Russia,RUS,2015,225,688,-463
1702,Senegal,SEN,2015,0,0,0
1703,Serbia,SRB,2015,0,0,0
1704,Slovakia,SVK,2015,0,220,-220
1705,Slovenia,SVN,2015,600,0,600
1706,South Africa,ZAF,2015,795,0,795
1707,South Korea,PRK,2015,0,0,0
1708,Spain,ESP,2015,0,254,-254
1709,Sri Lanka,LKA,2015,0,0,0
1710,Sudan,SDN,2015,0,0,0
1711,Eswatini,SWZ,2015,0,0,0
1712,Sweden,SWE,2015,0,0,0
1713,Syria,SYR,2015,0,0,0
1714,Taiwan,TWN,2015,0,0,0
1715,Tajikistan,TJK,2015,0,0,0
1716,Tanzania,TZA,2015,0,0,0
1717,Thailand,THA,2015,0,0,0
1718,Turkey,TUR,2015,1140,0,1140
1719,Ukraine,UKR,2015,0,0,0
1720,United Arab Emirates,ARE,2015,0,0,0
1721,United Kingdom,GBR,2015,0,456,-456
1722,United States,USA,2015,50,21723,-21673
1723,Uzbekistan,UZB,2015,0,0,0
1724,Venezuela,VEN,2015,0,0,0
1725,Vietnam,VNM,2015,4475,0,4475
1726,Zambia,ZMB,2015,30,0,30
1727,Zimbabwe,ZWE,2015,0,0,0
1728,Albania,ALB,2016,0,0,0
1729,Argentina,ARG,2016,0,0,0
1730,Australia,AUS,2016,0,760,-760
1731,Austria,AUT,2016,0,165,-165
1732,Bangladesh,BGD,2016,0,0,0
1733,Belarus,BLR,2016,0,0,0
1734,Belgium,BEL,2016,0,560,-560
1735,Bosnia and Herzegovina,BIH,2016,300,0,300
1736,Botswana,BWA,2016,0,0,0
1737,Brazil,BRA,2016,0,72,-72
1738,Brunei,BRN,2016,0,0,0
1739,Bulgaria,BGR,2016,0,0,0
1740,Cambodia,KHM,2016,0,0,0
1741,Canada,CAN,2016,0,0,0
1742,Chile,CHL,2016,531,0,531
1743,China,CHN,2016,49405,5535,43870
1744,Colombia,COL,2016,160,0,160
1745,Croatia,HRV,2016,0,0,0
1746,Czech Republic,CZE,2016,750,420,330
1747,Democratic Republic of Congo,COD,2016,0,0,0
1748,Denmark,DNK,2016,0,1131,-1131
1749,Dominican Republic,DOM,2016,0,0,0
1750,Egypt,EGY,2016,0,0,0
1751,El Salvador,SLV,2016,0,0,0
1752,Ethiopia,ETH,2016,0,0,0
1753,Finland,FIN,2016,0,0,0
1754,France,FRA,2016,0,0,0
1755,Georgia,GEO,2016,0,0,0
1756,Germany,DEU,2016,0,680,-680
1757,Ghana,GHA,2016,0,0,0
1758,Greece,GRC,2016,0,550,-550
1759,Guadeloupe,GLP,2016,0,0,0
1760,Guatemala,GTM,2016,362,0,362
1761,Guinea,GIN,2016,0,0,0
1762,Honduras,HND,2016,0,0,0
1763,Hong Kong,HKG,2016,0,0,0
1764,Hungary,HUN,2016,0,0,0
1765,India,IND,2016,18965,780,18185
1766,Indonesia,IDN,2016,1219,0,1219
1767,Iran,IRN,2016,0,0,0
1768,Ireland,IRL,2016,0,0,0
1769,Israel,ISR,2016,0,0,0
1770,Italy,ITA,2016,0,980,-980
1771,Ivory Coast,CIV,2016,0,0,0
1772,Jamaica,JAM,2016,0,0,0
1773,Japan,JPN,2016,112,0,112
1774,Jordan,JOR,2016,0,0,0
1775,Kazakhstan,KAZ,2016,0,0,0
1776,Kenya,KEN,2016,0,0,0
1777,Kosovo,,2016,0,0,0
1778,Kyrgyzstan,KGZ,2016,0,0,0
1779,Laos,LAO,2016,626,0,626
1780,Latvia,LVA,2016,0,0,0
1781,Madagascar,MDG,2016,0,0,0
1782,Malawi,MWI,2016,0,0,0
1783,Malaysia,MYS,2016,1000,0,1000
1784,Mauritius,MUS,2016,0,0,0
1785,Mexico,MEX,2016,0,0,0
1786,Moldova,MDA,2016,0,0,0
1787,Mongolia,MNG,2016,0,0,0
1788,Montenegro,MNE,2016,0,0,0
1789,Morocco,MAR,2016,0,0,0
1790,Mozambique,MOZ,2016,0,0,0
1791,Myanmar,MMR,2016,0,0,0
1792,Namibia,NAM,2016,0,0,0
1793,Netherlands,NLD,2016,1100,0,1100
1794,New Zealand,NZL,2016,0,0,0
1795,Niger,NER,2016,0,0,0
1796,Nigeria,NGA,2016,0,0,0
1797,North Korea,KOR,2016,0,0,0
1798,North Macedonia,MKD,2016,0,0,0
1799,Oman,OMN,2016,0,0,0
1800,Pakistan,PAK,2016,40,0,40
1801,Panama,PAN,2016,0,0,0
1802,Papua New Guinea,PNG,2016,0,0,0
1803,Peru,PER,2016,0,0,0
1804,Philippines,PHL,2016,1314,0,1314
1805,Poland,POL,2016,50,240,-190
1806,Portugal,PRT,2016,0,0,0
1807,Reunion,REU,2016,0,0,0
1808,Romania,ROU,2016,0,100,-100
1809,Russia,RUS,2016,1130,600,530
1810,Senegal,SEN,2016,0,0,0
1811,Serbia,SRB,2016,0,0,0
1812,Slovakia,SVK,2016,0,0,0
1813,Slovenia,SVN,2016,0,0,0
1814,South Africa,ZAF,2016,0,0,0
1815,South Korea,PRK,2016,5486,0,5486
1816,Spain,ESP,2016,0,531,-531
1817,Sri Lanka,LKA,2016,0,0,0
1818,Sudan,SDN,2016,0,0,0
1819,Eswatini,SWZ,2016,0,0,0
1820,Sweden,SWE,2016,0,0,0
1821,Syria,SYR,2016,0,0,0
1822,Taiwan,TWN,2016,800,0,800
1823,Tajikistan,TJK,2016,300,0,300
1824,Tanzania,TZA,2016,0,0,0
1825,Thailand,THA,2016,0,0,0
1826,Turkey,TUR,2016,1850,0,1850
1827,Ukraine,UKR,2016,0,0,0
1828,United Arab Emirates,ARE,2016,0,0,0
1829,United Kingdom,GBR,2016,0,5317,-5317
1830,United States,USA,2016,0,15768,-15768
1831,Uzbekistan,UZB,2016,150,213,-63
1832,Venezuela,VEN,2016,0,0,0
1833,Vietnam,VNM,2016,300,0,300
1834,Zambia,ZMB,2016,300,0,300
1835,Zimbabwe,ZWE,2016,0,0,0
1836,Albania,ALB,2017,0,0,0
1837,Argentina,ARG,2017,0,0,0
1838,Australia,AUS,2017,0,1840,-1840
1839,Austria,AUT,2017,0,0,0
1840,Bangladesh,BGD,2017,0,0,0
1841,Belarus,BLR,2017,0,0,0
1842,Belgium,BEL,2017,0,0,0
1843,Bosnia and Herzegovina,BIH,2017,0,0,0
1844,Botswana,BWA,2017,0,0,0
1845,Brazil,BRA,2017,0,446,-446
1846,Brunei,BRN,2017,0,0,0
1847,Bulgaria,BGR,2017,53,0,53
1848,Cambodia,KHM,2017,135,0,135
1849,Canada,CAN,2017,0,0,0
1850,Chile,CHL,2017,0,0,0
1851,China,CHN,2017,39546,7710,31836
1852,Colombia,COL,2017,0,0,0
1853,Croatia,HRV,2017,0,0,0
1854,Czech Republic,CZE,2017,0,0,0
1855,Democratic Republic of Congo,COD,2017,0,0,0
1856,Denmark,DNK,2017,0,0,0
1857,Dominican Republic,DOM,2017,0,0,0
1858,Egypt,EGY,2017,0,0,0
1859,El Salvador,SLV,2017,0,0,0
1860,Ethiopia,ETH,2017,0,0,0
1861,Finland,FIN,2017,0,833,-833
1862,France,FRA,2017,0,0,0
1863,Georgia,GEO,2017,0,0,0
1864,Germany,DEU,2017,0,3350,-3350
1865,Ghana,GHA,2017,0,0,0
1866,Greece,GRC,2017,0,0,0
1867,Guadeloupe,GLP,2017,0,0,0
1868,Guatemala,GTM,2017,0,0,0
1869,Guinea,GIN,2017,0,0,0
1870,Honduras,HND,2017,0,0,0
1871,Hong Kong,HKG,2017,0,250,-250
1872,Hungary,HUN,2017,0,0,0
1873,India,IND,2017,8988,3480,5508
1874,Indonesia,IDN,2017,1464,0,1464
1875,Iran,IRN,2017,0,0,0
1876,Ireland,IRL,2017,0,0,0
1877,Israel,ISR,2017,0,0,0
1878,Italy,ITA,2017,0,155,-155
1879,Ivory Coast,CIV,2017,0,0,0
1880,Jamaica,JAM,2017,0,0,0
1881,Japan,JPN,2017,500,270,230
1882,Jordan,JOR,2017,0,0,0
1883,Kazakhstan,KAZ,2017,0,0,0
1884,Kenya,KEN,2017,0,0,0
1885,Kosovo,,2017,0,0,0
1886,Kyrgyzstan,KGZ,2017,300,195,105
1887,Laos,LAO,2017,0,0,0
1888,Latvia,LVA,2017,0,0,0
1889,Madagascar,MDG,2017,0,0,0
1890,Malawi,MWI,2017,0,0,0
1891,Malaysia,MYS,2017,1000,0,1000
1892,Mauritius,MUS,2017,0,0,0
1893,Mexico,MEX,2017,0,0,0
1894,Moldova,MDA,2017,0,0,0
1895,Mongolia,MNG,2017,0,0,0
1896,Montenegro,MNE,2017,0,0,0
1897,Morocco,MAR,2017,350,0,350
1898,Mozambique,MOZ,2017,0,0,0
1899,Myanmar,MMR,2017,40,0,40
1900,Namibia,NAM,2017,0,0,0
1901,Netherlands,NLD,2017,0,1206,-1206
1902,New Zealand,NZL,2017,0,0,0
1903,Niger,NER,2017,0,0,0
1904,Nigeria,NGA,2017,0,0,0
1905,North Korea,KOR,2017,200,0,200
1906,North Macedonia,MKD,2017,0,0,0
1907,Oman,OMN,2017,0,0,0
1908,Pakistan,PAK,2017,2260,0,2260
1909,Panama,PAN,2017,0,0,0
1910,Papua New Guinea,PNG,2017,0,0,0
1911,Peru,PER,2017,0,0,0
1912,Philippines,PHL,2017,465,0,465
1913,Poland,POL,2017,1075,600,475
1914,Portugal,PRT,2017,0,0,0
1915,Reunion,REU,2017,0,0,0
1916,Romania,ROU,2017,0,0,0
1917,Russia,RUS,2017,0,0,0
1918,Senegal,SEN,2017,0,0,0
1919,Serbia,SRB,2017,0,0,0
1920,Slovakia,SVK,2017,0,0,0
1921,Slovenia,SVN,2017,0,0,0
1922,South Africa,ZAF,2017,1590,0,1590
1923,South Korea,PRK,2017,5262,525,4737
1924,Spain,ESP,2017,0,0,0
1925,Sri Lanka,LKA,2017,0,0,0
1926,Sudan,SDN,2017,0,0,0
1927,Eswatini,SWZ,2017,0,0,0
1928,Sweden,SWE,2017,0,0,0
1929,Syria,SYR,2017,0,0,0
1930,Taiwan,TWN,2017,800,634,166
1931,Tajikistan,TJK,2017,0,0,0
1932,Tanzania,TZA,2017,0,0,0
1933,Thailand,THA,2017,0,0,0
1934,Turkey,TUR,2017,1320,0,1320
1935,Ukraine,UKR,2017,0,0,0
1936,United Arab Emirates,ARE,2017,0,0,0
1937,United Kingdom,GBR,2017,0,240,-240
1938,United States,USA,2017,0,8871,-8871
1939,Uzbekistan,UZB,2017,0,0,0
1940,Venezuela,VEN,2017,0,0,0
1941,Vietnam,VNM,2017,2295,0,2295
1942,Zambia,ZMB,2017,0,0,0
1943,Zimbabwe,ZWE,2017,0,0,0
1944,Albania,ALB,2018,0,0,0
1945,Argentina,ARG,2018,0,0,0
1946,Australia,AUS,2018,0,0,0
1947,Austria,AUT,2018,0,0,0
1948,Bangladesh,BGD,2018,275,0,275
1949,Belarus,BLR,2018,0,0,0
1950,Belgium,BEL,2018,0,0,0
1951,Bosnia and Herzegovina,BIH,2018,0,0,0
1952,Botswana,BWA,2018,0,0,0
1953,Brazil,BRA,2018,0,0,0
1954,Brunei,BRN,2018,0,0,0
1955,Bulgaria,BGR,2018,0,0,0
1956,Cambodia,KHM,2018,0,0,0
1957,Canada,CAN,2018,0,665,-665
1958,Chile,CHL,2018,0,0,0
1959,China,CHN,2018,33476,10799,22677
1960,Colombia,COL,2018,273,0,273
1961,Croatia,HRV,2018,0,0,0
1962,Czech Republic,CZE,2018,0,0,0
1963,Democratic Republic of Congo,COD,2018,0,0,0
1964,Denmark,DNK,2018,0,0,0
1965,Dominican Republic,DOM,2018,0,0,0
1966,Egypt,EGY,2018,0,0,0
1967,El Salvador,SLV,2018,0,0,0
1968,Ethiopia,ETH,2018,0,0,0
1969,Finland,FIN,2018,0,0,0
1970,France,FRA,2018,0,0,0
1971,Georgia,GEO,2018,0,0,0
1972,Germany,DEU,2018,0,1052,-1052
1973,Ghana,GHA,2018,0,0,0
1974,Greece,GRC,2018,0,0,0
1975,Guadeloupe,GLP,2018,0,0,0
1976,Guatemala,GTM,2018,0,0,0
1977,Guinea,GIN,2018,0,0,0
1978,Honduras,HND,2018,35,0,35
1979,Hong Kong,HKG,2018,0,250,-250
1980,Hungary,HUN,2018,0,0,0
1981,India,IND,2018,8380,2009,6371
1982,Indonesia,IDN,2018,730,0,730
1983,Iran,IRN,2018,0,0,0
1984,Ireland,IRL,2018,0,0,0
1985,Israel,ISR,2018,0,0,0
1986,Italy,ITA,2018,0,0,0
1987,Ivory Coast,CIV,2018,0,0,0
1988,Jamaica,JAM,2018,0,0,0
1989,Japan,JPN,2018,576,250,326
1990,Jordan,JOR,2018,30,0,30
1991,Kazakhstan,KAZ,2018,0,0,0
1992,Kenya,KEN,2018,0,0,0
1993,Kosovo,,2018,0,0,0
1994,Kyrgyzstan,KGZ,2018,0,0,0
1995,Laos,LAO,2018,0,0,0
1996,Latvia,LVA,2018,0,0,0
1997,Madagascar,MDG,2018,0,0,0
1998,Malawi,MWI,2018,0,0,0
1999,Malaysia,MYS,2018,0,0,0
2000,Mauritius,MUS,2018,0,0,0
2001,Mexico,MEX,2018,0,0,0
2002,Moldova,MDA,2018,0,0,0
2003,Mongolia,MNG,2018,0,0,0
2004,Montenegro,MNE,2018,0,0,0
2005,Morocco,MAR,2018,1386,0,1386
2006,Mozambique,MOZ,2018,0,0,0
2007,Myanmar,MMR,2018,0,0,0
2008,Namibia,NAM,2018,0,0,0
2009,Netherlands,NLD,2018,0,0,0
2010,New Zealand,NZL,2018,0,0,0
2011,Niger,NER,2018,0,0,0
2012,Nigeria,NGA,2018,0,0,0
2013,North Korea,KOR,2018,0,0,0
2014,North Macedonia,MKD,2018,0,0,0
2015,Oman,OMN,2018,0,0,0
2016,Pakistan,PAK,2018,660,0,660
2017,Panama,PAN,2018,306,0,306
2018,Papua New Guinea,PNG,2018,0,0,0
2019,Peru,PER,2018,0,0,0
2020,Philippines,PHL,2018,720,0,720
2021,Poland,POL,2018,220,0,220
2022,Portugal,PRT,2018,0,0,0
2023,Reunion,REU,2018,0,0,0
2024,Romania,ROU,2018,0,0,0
2025,Russia,RUS,2018,0,30,-30
2026,Senegal,SEN,2018,0,0,0
2027,Serbia,SRB,2018,0,0,0
2028,Slovakia,SVK,2018,0,0,0
2029,Slovenia,SVN,2018,0,400,-400
2030,South Africa,ZAF,2018,795,0,795
2031,South Korea,PRK,2018,0,200,-200
2032,Spain,ESP,2018,0,365,-365
2033,Sri Lanka,LKA,2018,0,0,0
2034,Sudan,SDN,2018,0,0,0
2035,Eswatini,SWZ,2018,0,0,0
2036,Sweden,SWE,2018,0,0,0
2037,Syria,SYR,2018,0,0,0
2038,Taiwan,TWN,2018,1649,0,1649
2039,Tajikistan,TJK,2018,0,0,0
2040,Tanzania,TZA,2018,0,0,0
2041,Thailand,THA,2018,0,0,0
2042,Turkey,TUR,2018,330,0,330
2043,Ukraine,UKR,2018,0,0,0
2044,United Arab Emirates,ARE,2018,0,0,0
2045,United Kingdom,GBR,2018,0,2833,-2833
2046,United States,USA,2018,0,15891,-15891
2047,Uzbekistan,UZB,2018,0,0,0
2048,Venezuela,VEN,2018,0,0,0
2049,Vietnam,VNM,2018,2225,0,2225
2050,Zambia,ZMB,2018,0,0,0
2051,Zimbabwe,ZWE,2018,30,0,30
2052,Albania,ALB,2019,0,0,0
2053,Argentina,ARG,2019,0,0,0
2054,Australia,AUS,2019,0,0,0
2055,Austria,AUT,2019,0,352,-352
2056,Bangladesh,BGD,2019,0,0,0
2057,Belarus,BLR,2019,0,0,0
2058,Belgium,BEL,2019,0,0,0
2059,Bosnia and Herzegovina,BIH,2019,0,0,0
2060,Botswana,BWA,2019,0,0,0
2061,Brazil,BRA,2019,345,0,345
2062,Brunei,BRN,2019,220,0,220
2063,Bulgaria,BGR,2019,0,0,0
2064,Cambodia,KHM,2019,0,0,0
2065,Canada,CAN,2019,0,149,-149
2066,Chile,CHL,2019,375,325,50
2067,China,CHN,2019,48856,7137,41719
2068,Colombia,COL,2019,0,0,0
2069,Croatia,HRV,2019,0,0,0
2070,Czech Republic,CZE,2019,0,200,-200
2071,Democratic Republic of Congo,COD,2019,0,0,0
2072,Denmark,DNK,2019,0,1057,-1057
2073,Dominican Republic,DOM,2019,376,0,376
2074,Egypt,EGY,2019,0,0,0
2075,El Salvador,SLV,2019,0,0,0
2076,Ethiopia,ETH,2019,0,0,0
2077,Finland,FIN,2019,0,138,-138
2078,France,FRA,2019,0,0,0
2079,Georgia,GEO,2019,0,0,0
2080,Germany,DEU,2019,0,1245,-1245
2081,Ghana,GHA,2019,0,0,0
2082,Greece,GRC,2019,0,600,-600
2083,Guadeloupe,GLP,2019,0,0,0
2084,Guatemala,GTM,2019,0,0,0
2085,Guinea,GIN,2019,0,0,0
2086,Honduras,HND,2019,0,0,0
2087,Hong Kong,HKG,2019,0,0,0
2088,Hungary,HUN,2019,0,0,0
2089,India,IND,2019,8635,795,7840
2090,Indonesia,IDN,2019,2991,0,2991
2091,Iran,IRN,2019,0,0,0
2092,Ireland,IRL,2019,0,0,0
2093,Israel,ISR,2019,0,0,0
2094,Italy,ITA,2019,0,0,0
2095,Ivory Coast,CIV,2019,0,0,0
2096,Jamaica,JAM,2019,0,0,0
2097,Japan,JPN,2019,1224,440,784
2098,Jordan,JOR,2019,0,0,0
2099,Kazakhstan,KAZ,2019,0,0,0
2100,Kenya,KEN,2019,0,0,0
2101,Kosovo,,2019,0,0,0
2102,Kyrgyzstan,KGZ,2019,0,0,0
2103,Laos,LAO,2019,0,0,0
2104,Latvia,LVA,2019,0,0,0
2105,Madagascar,MDG,2019,0,0,0
2106,Malawi,MWI,2019,0,0,0
2107,Malaysia,MYS,2019,2600,0,2600
2108,Mauritius,MUS,2019,0,0,0
2109,Mexico,MEX,2019,0,0,0
2110,Moldova,MDA,2019,0,0,0
2111,Mongolia,MNG,2019,35,0,35
2112,Montenegro,MNE,2019,0,0,0
2113,Morocco,MAR,2019,0,0,0
2114,Mozambique,MOZ,2019,0,0,0
2115,Myanmar,MMR,2019,0,0,0
2116,Namibia,NAM,2019,0,0,0
2117,Netherlands,NLD,2019,0,685,-685
2118,New Zealand,NZL,2019,0,0,0
2119,Niger,NER,2019,0,0,0
2120,Nigeria,NGA,2019,0,0,0
2121,North Korea,KOR,2019,0,0,0
2122,North Macedonia,MKD,2019,0,0,0
2123,Oman,OMN,2019,0,0,0
2124,Pakistan,PAK,2019,1980,0,1980
2125,Panama,PAN,2019,0,0,0
2126,Papua New Guinea,PNG,2019,0,0,0
2127,Peru,PER,2019,0,0,0
2128,Philippines,PHL,2019,1500,0,1500
2129,Poland,POL,2019,1800,570,1230
2130,Portugal,PRT,2019,0,0,0
2131,Reunion,REU,2019,0,0,0
2132,Romania,ROU,2019,0,960,-960
2133,Russia,RUS,2019,120,1625,-1505
2134,Senegal,SEN,2019,0,0,0
2135,Serbia,SRB,2019,0,0,0
2136,Slovakia,SVK,2019,0,0,0
2137,Slovenia,SVN,2019,0,0,0
2138,South Africa,ZAF,2019,1590,0,1590
2139,South Korea,PRK,2019,269,0,269
2140,Spain,ESP,2019,0,250,-250
2141,Sri Lanka,LKA,2019,0,0,0
2142,Sudan,SDN,2019,0,0,0
2143,Eswatini,SWZ,2019,0,0,0
2144,Sweden,SWE,2019,0,0,0
2145,Syria,SYR,2019,0,0,0
2146,Taiwan,TWN,2019,800,0,800
2147,Tajikistan,TJK,2019,0,0,0
2148,Tanzania,TZA,2019,0,0,0
2149,Thailand,THA,2019,805,600,205
2150,Turkey,TUR,2019,550,0,550
2151,Ukraine,UKR,2019,0,0,0
2152,United Arab Emirates,ARE,2019,0,0,0
2153,United Kingdom,GBR,2019,0,2717,-2717
2154,United States,USA,2019,0,16303,-16303
2155,Uzbekistan,UZB,2019,0,0,0
2156,Venezuela,VEN,2019,0,0,0
2157,Vietnam,VNM,2019,1200,0,1200
2158,Zambia,ZMB,2019,0,0,0
2159,Zimbabwe,ZWE,2019,0,0,0
2160,Albania,ALB,2020,0,0,0
2161,Argentina,ARG,2020,0,0,0
2162,Australia,AUS,2020,0,600,-600
2163,Austria,AUT,2020,0,351,-351
2164,Bangladesh,BGD,2020,660,0,660
2165,Belarus,BLR,2020,0,0,0
2166,Belgium,BEL,2020,0,125,-125
2167,Bosnia and Herzegovina,BIH,2020,0,0,0
2168,Botswana,BWA,2020,0,0,0
2169,Brazil,BRA,2020,0,0,0
2170,Brunei,BRN,2020,0,0,0
2171,Bulgaria,BGR,2020,0,0,0
2172,Cambodia,KHM,2020,150,0,150
2173,Canada,CAN,2020,0,380,-380
2174,Chile,CHL,2020,0,248,-248
2175,China,CHN,2020,38390,13622,24768
2176,Colombia,COL,2020,0,0,0
2177,Croatia,HRV,2020,0,0,0
2178,Czech Republic,CZE,2020,660,1864,-1204
2179,Democratic Republic of Congo,COD,2020,0,0,0
2180,Denmark,DNK,2020,0,263,-263
2181,Dominican Republic,DOM,2020,376,0,376
2182,Egypt,EGY,2020,0,0,0
2183,El Salvador,SLV,2020,0,0,0
2184,Ethiopia,ETH,2020,0,0,0
2185,Finland,FIN,2020,0,65,-65
2186,France,FRA,2020,0,733,-733
2187,Georgia,GEO,2020,0,0,0
2188,Germany,DEU,2020,1100,839,261
2189,Ghana,GHA,2020,0,0,0
2190,Greece,GRC,2020,0,600,-600
2191,Guadeloupe,GLP,2020,0,0,0
2192,Guatemala,GTM,2020,0,0,0
2193,Guinea,GIN,2020,0,0,0
2194,Honduras,HND,2020,0,0,0
2195,Hong Kong,HKG,2020,0,0,0
2196,Hungary,HUN,2020,0,0,0
2197,India,IND,2020,2000,2155,-155
2198,Indonesia,IDN,2020,1341,0,1341
2199,Iran,IRN,2020,0,0,0
2200,Ireland,IRL,2020,0,0,0
2201,Israel,ISR,2020,0,0,0
2202,Italy,ITA,2020,0,660,-660
2203,Ivory Coast,CIV,2020,0,0,0
2204,Jamaica,JAM,2020,0,0,0
2205,Japan,JPN,2020,1957,285,1672
2206,Jordan,JOR,2020,0,0,0
2207,Kazakhstan,KAZ,2020,0,110,-110
2208,Kenya,KEN,2020,0,0,0
2209,Kosovo,,2020,0,0,0
2210,Kyrgyzstan,KGZ,2020,0,0,0
2211,Laos,LAO,2020,0,0,0
2212,Latvia,LVA,2020,0,0,0
2213,Madagascar,MDG,2020,0,0,0
2214,Malawi,MWI,2020,0,0,0
2215,Malaysia,MYS,2020,0,0,0
2216,Mauritius,MUS,2020,0,0,0
2217,Mexico,MEX,2020,0,0,0
2218,Moldova,MDA,2020,0,0,0
2219,Mongolia,MNG,2020,0,0,0
2220,Montenegro,MNE,2020,0,0,0
2221,Morocco,MAR,2020,0,0,0
2222,Mozambique,MOZ,2020,0,0,0
2223,Myanmar,MMR,2020,0,0,0
2224,Namibia,NAM,2020,0,0,0
2225,Netherlands,NLD,2020,0,0,0
2226,New Zealand,NZL,2020,0,0,0
2227,Niger,NER,2020,0,0,0
2228,Nigeria,NGA,2020,0,0,0
2229,North Korea,KOR,2020,0,0,0
2230,North Macedonia,MKD,2020,0,0,0
2231,Oman,OMN,2020,0,0,0
2232,Pakistan,PAK,2020,0,0,0
2233,Panama,PAN,2020,0,0,0
2234,Papua New Guinea,PNG,2020,0,0,0
2235,Peru,PER,2020,0,0,0
2236,Philippines,PHL,2020,335,52,283
2237,Poland,POL,2020,910,1249,-339
2238,Portugal,PRT,2020,0,0,0
2239,Reunion,REU,2020,0,0,0
2240,Romania,ROU,2020,0,0,0
2241,Russia,RUS,2020,321,1080,-759
2242,Senegal,SEN,2020,0,0,0
2243,Serbia,SRB,2020,0,0,0
2244,Slovakia,SVK,2020,0,32,-32
2245,Slovenia,SVN,2020,0,0,0
2246,South Africa,ZAF,2020,795,0,795
2247,South Korea,PRK,2020,0,1120,-1120
2248,Spain,ESP,2020,0,4758,-4758
2249,Sri Lanka,LKA,2020,0,0,0
2250,Sudan,SDN,2020,0,0,0
2251,Eswatini,SWZ,2020,0,0,0
2252,Sweden,SWE,2020,0,141,-141
2253,Syria,SYR,2020,0,0,0
2254,Taiwan,TWN,2020,0,0,0
2255,Tajikistan,TJK,2020,0,0,0
2256,Tanzania,TZA,2020,0,0,0
2257,Thailand,THA,2020,0,0,0
2258,Turkey,TUR,2020,0,0,0
2259,Ukraine,UKR,2020,0,0,0
2260,United Arab Emirates,ARE,2020,0,0,0
2261,United Kingdom,GBR,2020,0,3524,-3524
2262,United States,USA,2020,0,11550,-11550
2263,Uzbekistan,UZB,2020,0,0,0
2264,Venezuela,VEN,2020,0,0,0
2265,Vietnam,VNM,2020,1288,0,1288
2266,Zambia,ZMB,2020,0,0,0
2267,Zimbabwe,ZWE,2020,0,30,-30
