,country,year,coal_mw_new
0,Albania,2000,0
1,Argentina,2000,0
2,Australia,2000,0
3,Austria,2000,0
4,Bangladesh,2000,0
5,Belarus,2000,0
6,Belgium,2000,0
7,Bosnia and Herzegovina,2000,0
8,Botswana,2000,0
9,Brazil,2000,0
10,Brunei,2000,0
11,Bulgaria,2000,0
12,Cambodia,2000,0
13,Canada,2000,0
14,Chile,2000,0
15,China,2000,17410
16,Colombia,2000,0
17,Croatia,2000,210
18,Czech Republic,2000,271
19,Democratic Republic of Congo,2000,0
20,Denmark,2000,0
21,Dominican Republic,2000,0
22,Egypt,2000,0
23,El Salvador,2000,0
24,Ethiopia,2000,0
25,Finland,2000,0
26,France,2000,0
27,Georgia,2000,0
28,Germany,2000,1980
29,Ghana,2000,0
30,Greece,2000,0
31,Guadeloupe,2000,0
32,Guatemala,2000,139
33,Guinea,2000,0
34,Honduras,2000,0
35,Hong Kong,2000,0
36,Hungary,2000,0
37,India,2000,1705
38,Indonesia,2000,1832
39,Iran,2000,0
40,Ireland,2000,0
41,Israel,2000,550
42,Italy,2000,0
43,Ivory Coast,2000,0
44,Jamaica,2000,0
45,Japan,2000,4353
46,Jordan,2000,0
47,Kazakhstan,2000,50
48,Kenya,2000,0
49,Kosovo,2000,0
50,Kyrgyzstan,2000,90
51,Laos,2000,0
52,Latvia,2000,0
53,Madagascar,2000,0
54,Malawi,2000,0
55,Malaysia,2000,1000
56,Mauritius,2000,70
57,Mexico,2000,0
58,Moldova,2000,0
59,Mongolia,2000,0
60,Montenegro,2000,0
61,Morocco,2000,348
62,Mozambique,2000,0
63,Myanmar,2000,0
64,Namibia,2000,0
65,Netherlands,2000,0
66,New Zealand,2000,0
67,Niger,2000,0
68,Nigeria,2000,0
69,North Korea,2000,0
70,North Macedonia,2000,0
71,Oman,2000,0
72,Pakistan,2000,0
73,Panama,2000,0
74,Papua New Guinea,2000,0
75,Peru,2000,0
76,Philippines,2000,440
77,Poland,2000,0
78,Portugal,2000,0
79,Reunion,2000,0
80,Romania,2000,0
81,Russia,2000,0
82,Senegal,2000,0
83,Serbia,2000,0
84,Slovakia,2000,0
85,Slovenia,2000,0
86,South Africa,2000,716
87,South Korea,2000,1000
88,Spain,2000,0
89,Sri Lanka,2000,0
90,Sudan,2000,0
91,Eswatini,2000,0
92,Sweden,2000,0
93,Syria,2000,0
94,Taiwan,2000,1879
95,Tajikistan,2000,0
96,Tanzania,2000,0
97,Thailand,2000,0
98,Turkey,2000,317
99,Ukraine,2000,0
100,United Arab Emirates,2000,0
101,United Kingdom,2000,0
102,United States,2000,101
103,Uzbekistan,2000,300
104,Venezuela,2000,0
105,Vietnam,2000,0
106,Zambia,2000,0
107,Zimbabwe,2000,0
108,Albania,2001,0
109,Argentina,2001,0
110,Australia,2001,1071
111,Austria,2001,0
112,Bangladesh,2001,0
113,Belarus,2001,0
114,Belgium,2001,0
115,Bosnia and Herzegovina,2001,0
116,Botswana,2001,0
117,Brazil,2001,0
118,Brunei,2001,0
119,Bulgaria,2001,0
120,Cambodia,2001,0
121,Canada,2001,0
122,Chile,2001,0
123,China,2001,13358
124,Colombia,2001,0
125,Croatia,2001,0
126,Czech Republic,2001,30
127,Democratic Republic of Congo,2001,0
128,Denmark,2001,0
129,Dominican Republic,2001,0
130,Egypt,2001,0
131,El Salvador,2001,0
132,Ethiopia,2001,0
133,Finland,2001,0
134,France,2001,0
135,Georgia,2001,0
136,Germany,2001,0
137,Ghana,2001,0
138,Greece,2001,0
139,Guadeloupe,2001,0
140,Guatemala,2001,0
141,Guinea,2001,0
142,Honduras,2001,0
143,Hong Kong,2001,0
144,Hungary,2001,0
145,India,2001,1055
146,Indonesia,2001,0
147,Iran,2001,0
148,Ireland,2001,0
149,Israel,2001,550
150,Italy,2001,0
151,Ivory Coast,2001,0
152,Jamaica,2001,0
153,Japan,2001,1654
154,Jordan,2001,0
155,Kazakhstan,2001,58
156,Kenya,2001,0
157,Kosovo,2001,0
158,Kyrgyzstan,2001,0
159,Laos,2001,0
160,Latvia,2001,0
161,Madagascar,2001,0
162,Malawi,2001,0
163,Malaysia,2001,0
164,Mauritius,2001,0
165,Mexico,2001,0
166,Moldova,2001,0
167,Mongolia,2001,0
168,Montenegro,2001,0
169,Morocco,2001,348
170,Mozambique,2001,0
171,Myanmar,2001,0
172,Namibia,2001,0
173,Netherlands,2001,0
174,New Zealand,2001,0
175,Niger,2001,0
176,Nigeria,2001,0
177,North Korea,2001,0
178,North Macedonia,2001,0
179,Oman,2001,0
180,Pakistan,2001,0
181,Panama,2001,0
182,Papua New Guinea,2001,0
183,Peru,2001,0
184,Philippines,2001,0
185,Poland,2001,0
186,Portugal,2001,0
187,Reunion,2001,0
188,Romania,2001,0
189,Russia,2001,215
190,Senegal,2001,0
191,Serbia,2001,0
192,Slovakia,2001,0
193,Slovenia,2001,0
194,South Africa,2001,716
195,South Korea,2001,1500
196,Spain,2001,0
197,Sri Lanka,2001,0
198,Sudan,2001,0
199,Eswatini,2001,0
200,Sweden,2001,0
201,Syria,2001,0
202,Taiwan,2001,0
203,Tajikistan,2001,0
204,Tanzania,2001,0
205,Thailand,2001,0
206,Turkey,2001,0
207,Ukraine,2001,0
208,United Arab Emirates,2001,0
209,United Kingdom,2001,0
210,United States,2001,1079
211,Uzbekistan,2001,0
212,Venezuela,2001,0
213,Vietnam,2001,0
214,Zambia,2001,0
215,Zimbabwe,2001,0
216,Albania,2002,0
217,Argentina,2002,0
218,Australia,2002,440
219,Austria,2002,0
220,Bangladesh,2002,0
221,Belarus,2002,0
222,Belgium,2002,0
223,Bosnia and Herzegovina,2002,0
224,Botswana,2002,0
225,Brazil,2002,0
226,Brunei,2002,0
227,Bulgaria,2002,0
228,Cambodia,2002,0
229,Canada,2002,0
230,Chile,2002,0
231,China,2002,11033
232,Colombia,2002,0
233,Croatia,2002,0
234,Czech Republic,2002,0
235,Democratic Republic of Congo,2002,0
236,Denmark,2002,0
237,Dominican Republic,2002,0
238,Egypt,2002,0
239,El Salvador,2002,0
240,Ethiopia,2002,0
241,Finland,2002,0
242,France,2002,0
243,Georgia,2002,0
244,Germany,2002,1012
245,Ghana,2002,0
246,Greece,2002,0
247,Guadeloupe,2002,0
248,Guatemala,2002,0
249,Guinea,2002,0
250,Honduras,2002,0
251,Hong Kong,2002,0
252,Hungary,2002,0
253,India,2002,2040
254,Indonesia,2002,0
255,Iran,2002,0
256,Ireland,2002,0
257,Israel,2002,0
258,Italy,2002,0
259,Ivory Coast,2002,0
260,Jamaica,2002,0
261,Japan,2002,3550
262,Jordan,2002,0
263,Kazakhstan,2002,0
264,Kenya,2002,0
265,Kosovo,2002,0
266,Kyrgyzstan,2002,0
267,Laos,2002,0
268,Latvia,2002,0
269,Madagascar,2002,0
270,Malawi,2002,0
271,Malaysia,2002,700
272,Mauritius,2002,0
273,Mexico,2002,0
274,Moldova,2002,0
275,Mongolia,2002,0
276,Montenegro,2002,0
277,Morocco,2002,0
278,Mozambique,2002,0
279,Myanmar,2002,0
280,Namibia,2002,0
281,Netherlands,2002,0
282,New Zealand,2002,0
283,Niger,2002,0
284,Nigeria,2002,0
285,North Korea,2002,0
286,North Macedonia,2002,0
287,Oman,2002,0
288,Pakistan,2002,0
289,Panama,2002,0
290,Papua New Guinea,2002,0
291,Peru,2002,0
292,Philippines,2002,0
293,Poland,2002,346
294,Portugal,2002,0
295,Reunion,2002,0
296,Romania,2002,0
297,Russia,2002,0
298,Senegal,2002,0
299,Serbia,2002,0
300,Slovakia,2002,0
301,Slovenia,2002,0
302,South Africa,2002,0
303,South Korea,2002,500
304,Spain,2002,0
305,Sri Lanka,2002,0
306,Sudan,2002,0
307,Eswatini,2002,0
308,Sweden,2002,0
309,Syria,2002,0
310,Taiwan,2002,3154
311,Tajikistan,2002,0
312,Tanzania,2002,0
313,Thailand,2002,0
314,Turkey,2002,0
315,Ukraine,2002,0
316,United Arab Emirates,2002,0
317,United Kingdom,2002,0
318,United States,2002,1105
319,Uzbekistan,2002,0
320,Venezuela,2002,0
321,Vietnam,2002,600
322,Zambia,2002,0
323,Zimbabwe,2002,0
324,Albania,2003,0
325,Argentina,2003,0
326,Australia,2003,885
327,Austria,2003,0
328,Bangladesh,2003,0
329,Belarus,2003,0
330,Belgium,2003,0
331,Bosnia and Herzegovina,2003,0
332,Botswana,2003,0
333,Brazil,2003,0
334,Brunei,2003,0
335,Bulgaria,2003,0
336,Cambodia,2003,0
337,Canada,2003,0
338,Chile,2003,0
339,China,2003,22731
340,Colombia,2003,0
341,Croatia,2003,0
342,Czech Republic,2003,0
343,Democratic Republic of Congo,2003,0
344,Denmark,2003,0
345,Dominican Republic,2003,0
346,Egypt,2003,0
347,El Salvador,2003,0
348,Ethiopia,2003,0
349,Finland,2003,0
350,France,2003,0
351,Georgia,2003,0
352,Germany,2003,0
353,Ghana,2003,0
354,Greece,2003,330
355,Guadeloupe,2003,0
356,Guatemala,2003,0
357,Guinea,2003,0
358,Honduras,2003,0
359,Hong Kong,2003,0
360,Hungary,2003,0
361,India,2003,1735
362,Indonesia,2003,0
363,Iran,2003,0
364,Ireland,2003,0
365,Israel,2003,0
366,Italy,2003,0
367,Ivory Coast,2003,0
368,Jamaica,2003,0
369,Japan,2003,2388
370,Jordan,2003,0
371,Kazakhstan,2003,0
372,Kenya,2003,0
373,Kosovo,2003,0
374,Kyrgyzstan,2003,0
375,Laos,2003,0
376,Latvia,2003,0
377,Madagascar,2003,0
378,Malawi,2003,0
379,Malaysia,2003,1400
380,Mauritius,2003,0
381,Mexico,2003,0
382,Moldova,2003,0
383,Mongolia,2003,0
384,Montenegro,2003,0
385,Morocco,2003,0
386,Mozambique,2003,0
387,Myanmar,2003,0
388,Namibia,2003,0
389,Netherlands,2003,0
390,New Zealand,2003,0
391,Niger,2003,0
392,Nigeria,2003,0
393,North Korea,2003,0
394,North Macedonia,2003,0
395,Oman,2003,0
396,Pakistan,2003,0
397,Panama,2003,0
398,Papua New Guinea,2003,0
399,Peru,2003,0
400,Philippines,2003,0
401,Poland,2003,323
402,Portugal,2003,0
403,Reunion,2003,0
404,Romania,2003,0
405,Russia,2003,228
406,Senegal,2003,0
407,Serbia,2003,0
408,Slovakia,2003,0
409,Slovenia,2003,0
410,South Africa,2003,0
411,South Korea,2003,0
412,Spain,2003,0
413,Sri Lanka,2003,0
414,Sudan,2003,0
415,Eswatini,2003,0
416,Sweden,2003,0
417,Syria,2003,0
418,Taiwan,2003,0
419,Tajikistan,2003,0
420,Tanzania,2003,0
421,Thailand,2003,0
422,Turkey,2003,1720
423,Ukraine,2003,0
424,United Arab Emirates,2003,0
425,United Kingdom,2003,0
426,United States,2003,88
427,Uzbekistan,2003,0
428,Venezuela,2003,0
429,Vietnam,2003,0
430,Zambia,2003,0
431,Zimbabwe,2003,0
432,Albania,2004,0
433,Argentina,2004,0
434,Australia,2004,0
435,Austria,2004,0
436,Bangladesh,2004,0
437,Belarus,2004,0
438,Belgium,2004,0
439,Bosnia and Herzegovina,2004,0
440,Botswana,2004,0
441,Brazil,2004,0
442,Brunei,2004,0
443,Bulgaria,2004,0
444,Cambodia,2004,0
445,Canada,2004,0
446,Chile,2004,0
447,China,2004,29981
448,Colombia,2004,0
449,Croatia,2004,0
450,Czech Republic,2004,72
451,Democratic Republic of Congo,2004,0
452,Denmark,2004,0
453,Dominican Republic,2004,0
454,Egypt,2004,0
455,El Salvador,2004,0
456,Ethiopia,2004,0
457,Finland,2004,0
458,France,2004,46
459,Georgia,2004,0
460,Germany,2004,0
461,Ghana,2004,0
462,Greece,2004,0
463,Guadeloupe,2004,0
464,Guatemala,2004,0
465,Guinea,2004,0
466,Honduras,2004,0
467,Hong Kong,2004,0
468,Hungary,2004,0
469,India,2004,483
470,Indonesia,2004,30
471,Iran,2004,0
472,Ireland,2004,0
473,Israel,2004,0
474,Italy,2004,0
475,Ivory Coast,2004,0
476,Jamaica,2004,0
477,Japan,2004,2702
478,Jordan,2004,0
479,Kazakhstan,2004,0
480,Kenya,2004,0
481,Kosovo,2004,0
482,Kyrgyzstan,2004,0
483,Laos,2004,0
484,Latvia,2004,0
485,Madagascar,2004,0
486,Malawi,2004,0
487,Malaysia,2004,110
488,Mauritius,2004,0
489,Mexico,2004,0
490,Moldova,2004,0
491,Mongolia,2004,0
492,Montenegro,2004,0
493,Morocco,2004,0
494,Mozambique,2004,0
495,Myanmar,2004,60
496,Namibia,2004,0
497,Netherlands,2004,0
498,New Zealand,2004,0
499,Niger,2004,0
500,Nigeria,2004,0
501,North Korea,2004,0
502,North Macedonia,2004,0
503,Oman,2004,0
504,Pakistan,2004,0
505,Panama,2004,0
506,Papua New Guinea,2004,0
507,Peru,2004,0
508,Philippines,2004,0
509,Poland,2004,0
510,Portugal,2004,0
511,Reunion,2004,0
512,Romania,2004,0
513,Russia,2004,200
514,Senegal,2004,0
515,Serbia,2004,0
516,Slovakia,2004,0
517,Slovenia,2004,0
518,South Africa,2004,0
519,South Korea,2004,1600
520,Spain,2004,0
521,Sri Lanka,2004,0
522,Sudan,2004,0
523,Eswatini,2004,0
524,Sweden,2004,0
525,Syria,2004,0
526,Taiwan,2004,300
527,Tajikistan,2004,0
528,Tanzania,2004,0
529,Thailand,2004,0
530,Turkey,2004,0
531,Ukraine,2004,0
532,United Arab Emirates,2004,0
533,United Kingdom,2004,0
534,United States,2004,585
535,Uzbekistan,2004,0
536,Venezuela,2004,0
537,Vietnam,2004,250
538,Zambia,2004,0
539,Zimbabwe,2004,0
540,Albania,2005,0
541,Argentina,2005,0
542,Australia,2005,0
543,Austria,2005,0
544,Bangladesh,2005,0
545,Belarus,2005,0
546,Belgium,2005,0
547,Bosnia and Herzegovina,2005,0
548,Botswana,2005,0
549,Brazil,2005,0
550,Brunei,2005,0
551,Bulgaria,2005,0
552,Cambodia,2005,0
553,Canada,2005,466
554,Chile,2005,0
555,China,2005,46991
556,Colombia,2005,0
557,Croatia,2005,0
558,Czech Republic,2005,0
559,Democratic Republic of Congo,2005,0
560,Denmark,2005,0
561,Dominican Republic,2005,0
562,Egypt,2005,0
563,El Salvador,2005,0
564,Ethiopia,2005,0
565,Finland,2005,0
566,France,2005,0
567,Georgia,2005,0
568,Germany,2005,0
569,Ghana,2005,0
570,Greece,2005,0
571,Guadeloupe,2005,0
572,Guatemala,2005,0
573,Guinea,2005,0
574,Honduras,2005,0
575,Hong Kong,2005,0
576,Hungary,2005,0
577,India,2005,3325
578,Indonesia,2005,0
579,Iran,2005,0
580,Ireland,2005,0
581,Israel,2005,0
582,Italy,2005,350
583,Ivory Coast,2005,0
584,Jamaica,2005,0
585,Japan,2005,276
586,Jordan,2005,0
587,Kazakhstan,2005,0
588,Kenya,2005,0
589,Kosovo,2005,0
590,Kyrgyzstan,2005,0
591,Laos,2005,0
592,Latvia,2005,0
593,Madagascar,2005,0
594,Malawi,2005,0
595,Malaysia,2005,0
596,Mauritius,2005,35
597,Mexico,2005,0
598,Moldova,2005,0
599,Mongolia,2005,0
600,Montenegro,2005,0
601,Morocco,2005,0
602,Mozambique,2005,0
603,Myanmar,2005,60
604,Namibia,2005,0
605,Netherlands,2005,0
606,New Zealand,2005,0
607,Niger,2005,0
608,Nigeria,2005,0
609,North Korea,2005,0
610,North Macedonia,2005,0
611,Oman,2005,0
612,Pakistan,2005,0
613,Panama,2005,0
614,Papua New Guinea,2005,0
615,Peru,2005,0
616,Philippines,2005,0
617,Poland,2005,0
618,Portugal,2005,0
619,Reunion,2005,0
620,Romania,2005,0
621,Russia,2005,420
622,Senegal,2005,0
623,Serbia,2005,0
624,Slovakia,2005,0
625,Slovenia,2005,0
626,South Africa,2005,0
627,South Korea,2005,500
628,Spain,2005,0
629,Sri Lanka,2005,0
630,Sudan,2005,0
631,Eswatini,2005,0
632,Sweden,2005,0
633,Syria,2005,0
634,Taiwan,2005,550
635,Tajikistan,2005,0
636,Tanzania,2005,0
637,Thailand,2005,0
638,Turkey,2005,495
639,Ukraine,2005,0
640,United Arab Emirates,2005,0
641,United Kingdom,2005,0
642,United States,2005,434
643,Uzbekistan,2005,0
644,Venezuela,2005,0
645,Vietnam,2005,0
646,Zambia,2005,0
647,Zimbabwe,2005,0
648,Albania,2006,0
649,Argentina,2006,0
650,Australia,2006,0
651,Austria,2006,0
652,Bangladesh,2006,250
653,Belarus,2006,0
654,Belgium,2006,0
655,Bosnia and Herzegovina,2006,0
656,Botswana,2006,0
657,Brazil,2006,0
658,Brunei,2006,0
659,Bulgaria,2006,0
660,Cambodia,2006,0
661,Canada,2006,0
662,Chile,2006,0
663,China,2006,82067
664,Colombia,2006,0
665,Croatia,2006,0
666,Czech Republic,2006,0
667,Democratic Republic of Congo,2006,0
668,Denmark,2006,0
669,Dominican Republic,2006,0
670,Egypt,2006,0
671,El Salvador,2006,0
672,Ethiopia,2006,0
673,Finland,2006,0
674,France,2006,58
675,Georgia,2006,0
676,Germany,2006,0
677,Ghana,2006,0
678,Greece,2006,0
679,Guadeloupe,2006,0
680,Guatemala,2006,0
681,Guinea,2006,0
682,Honduras,2006,0
683,Hong Kong,2006,0
684,Hungary,2006,0
685,India,2006,2288
686,Indonesia,2006,1980
687,Iran,2006,0
688,Ireland,2006,0
689,Israel,2006,0
690,Italy,2006,0
691,Ivory Coast,2006,0
692,Jamaica,2006,0
693,Japan,2006,95
694,Jordan,2006,0
695,Kazakhstan,2006,120
696,Kenya,2006,0
697,Kosovo,2006,0
698,Kyrgyzstan,2006,0
699,Laos,2006,0
700,Latvia,2006,0
701,Madagascar,2006,0
702,Malawi,2006,0
703,Malaysia,2006,748
704,Mauritius,2006,0
705,Mexico,2006,0
706,Moldova,2006,0
707,Mongolia,2006,0
708,Montenegro,2006,0
709,Morocco,2006,0
710,Mozambique,2006,0
711,Myanmar,2006,0
712,Namibia,2006,0
713,Netherlands,2006,0
714,New Zealand,2006,0
715,Niger,2006,0
716,Nigeria,2006,0
717,North Korea,2006,0
718,North Macedonia,2006,0
719,Oman,2006,0
720,Pakistan,2006,0
721,Panama,2006,0
722,Papua New Guinea,2006,0
723,Peru,2006,0
724,Philippines,2006,284
725,Poland,2006,0
726,Portugal,2006,0
727,Reunion,2006,0
728,Romania,2006,0
729,Russia,2006,180
730,Senegal,2006,0
731,Serbia,2006,0
732,Slovakia,2006,0
733,Slovenia,2006,0
734,South Africa,2006,0
735,South Korea,2006,500
736,Spain,2006,0
737,Sri Lanka,2006,0
738,Sudan,2006,0
739,Eswatini,2006,0
740,Sweden,2006,0
741,Syria,2006,0
742,Taiwan,2006,550
743,Tajikistan,2006,0
744,Tanzania,2006,0
745,Thailand,2006,717
746,Turkey,2006,1080
747,Ukraine,2006,0
748,United Arab Emirates,2006,0
749,United Kingdom,2006,0
750,United States,2006,574
751,Uzbekistan,2006,0
752,Venezuela,2006,0
753,Vietnam,2006,115
754,Zambia,2006,0
755,Zimbabwe,2006,0
756,Albania,2007,0
757,Argentina,2007,0
758,Australia,2007,750
759,Austria,2007,0
760,Bangladesh,2007,0
761,Belarus,2007,0
762,Belgium,2007,0
763,Bosnia and Herzegovina,2007,0
764,Botswana,2007,0
765,Brazil,2007,88
766,Brunei,2007,0
767,Bulgaria,2007,0
768,Cambodia,2007,0
769,Canada,2007,0
770,Chile,2007,0
771,China,2007,82291
772,Colombia,2007,0
773,Croatia,2007,0
774,Czech Republic,2007,0
775,Democratic Republic of Congo,2007,0
776,Denmark,2007,0
777,Dominican Republic,2007,0
778,Egypt,2007,0
779,El Salvador,2007,0
780,Ethiopia,2007,0
781,Finland,2007,0
782,France,2007,0
783,Georgia,2007,0
784,Germany,2007,0
785,Ghana,2007,0
786,Greece,2007,0
787,Guadeloupe,2007,0
788,Guatemala,2007,0
789,Guinea,2007,0
790,Honduras,2007,0
791,Hong Kong,2007,0
792,Hungary,2007,0
793,India,2007,5225
794,Indonesia,2007,180
795,Iran,2007,0
796,Ireland,2007,0
797,Israel,2007,0
798,Italy,2007,0
799,Ivory Coast,2007,0
800,Jamaica,2007,0
801,Japan,2007,650
802,Jordan,2007,0
803,Kazakhstan,2007,120
804,Kenya,2007,0
805,Kosovo,2007,0
806,Kyrgyzstan,2007,0
807,Laos,2007,0
808,Latvia,2007,0
809,Madagascar,2007,0
810,Malawi,2007,0
811,Malaysia,2007,1496
812,Mauritius,2007,90
813,Mexico,2007,0
814,Moldova,2007,0
815,Mongolia,2007,0
816,Montenegro,2007,0
817,Morocco,2007,0
818,Mozambique,2007,0
819,Myanmar,2007,0
820,Namibia,2007,0
821,Netherlands,2007,0
822,New Zealand,2007,0
823,Niger,2007,0
824,Nigeria,2007,0
825,North Korea,2007,0
826,North Macedonia,2007,0
827,Oman,2007,0
828,Pakistan,2007,0
829,Panama,2007,0
830,Papua New Guinea,2007,0
831,Peru,2007,0
832,Philippines,2007,0
833,Poland,2007,33
834,Portugal,2007,0
835,Reunion,2007,0
836,Romania,2007,0
837,Russia,2007,0
838,Senegal,2007,0
839,Serbia,2007,0
840,Slovakia,2007,0
841,Slovenia,2007,0
842,South Africa,2007,0
843,South Korea,2007,2086
844,Spain,2007,0
845,Sri Lanka,2007,0
846,Sudan,2007,0
847,Eswatini,2007,0
848,Sweden,2007,0
849,Syria,2007,0
850,Taiwan,2007,0
851,Tajikistan,2007,0
852,Tanzania,2007,0
853,Thailand,2007,717
854,Turkey,2007,78
855,Ukraine,2007,0
856,United Arab Emirates,2007,0
857,United Kingdom,2007,0
858,United States,2007,1514
859,Uzbekistan,2007,0
860,Venezuela,2007,0
861,Vietnam,2007,300
862,Zambia,2007,0
863,Zimbabwe,2007,0
864,Albania,2008,0
865,Argentina,2008,0
866,Australia,2008,0
867,Austria,2008,0
868,Bangladesh,2008,0
869,Belarus,2008,0
870,Belgium,2008,0
871,Bosnia and Herzegovina,2008,0
872,Botswana,2008,0
873,Brazil,2008,0
874,Brunei,2008,0
875,Bulgaria,2008,0
876,Cambodia,2008,0
877,Canada,2008,0
878,Chile,2008,0
879,China,2008,62902
880,Colombia,2008,0
881,Croatia,2008,0
882,Czech Republic,2008,0
883,Democratic Republic of Congo,2008,0
884,Denmark,2008,0
885,Dominican Republic,2008,0
886,Egypt,2008,0
887,El Salvador,2008,0
888,Ethiopia,2008,0
889,Finland,2008,0
890,France,2008,100
891,Georgia,2008,0
892,Germany,2008,0
893,Ghana,2008,0
894,Greece,2008,0
895,Guadeloupe,2008,0
896,Guatemala,2008,0
897,Guinea,2008,0
898,Honduras,2008,0
899,Hong Kong,2008,0
900,Hungary,2008,0
901,India,2008,5396
902,Indonesia,2008,367
903,Iran,2008,0
904,Ireland,2008,0
905,Israel,2008,0
906,Italy,2008,0
907,Ivory Coast,2008,0
908,Jamaica,2008,0
909,Japan,2008,564
910,Jordan,2008,0
911,Kazakhstan,2008,0
912,Kenya,2008,0
913,Kosovo,2008,0
914,Kyrgyzstan,2008,0
915,Laos,2008,0
916,Latvia,2008,0
917,Madagascar,2008,0
918,Malawi,2008,0
919,Malaysia,2008,0
920,Mauritius,2008,0
921,Mexico,2008,0
922,Moldova,2008,0
923,Mongolia,2008,0
924,Montenegro,2008,0
925,Morocco,2008,0
926,Mozambique,2008,0
927,Myanmar,2008,0
928,Namibia,2008,0
929,Netherlands,2008,0
930,New Zealand,2008,0
931,Niger,2008,0
932,Nigeria,2008,0
933,North Korea,2008,0
934,North Macedonia,2008,0
935,Oman,2008,0
936,Pakistan,2008,0
937,Panama,2008,0
938,Papua New Guinea,2008,0
939,Peru,2008,0
940,Philippines,2008,0
941,Poland,2008,474
942,Portugal,2008,0
943,Reunion,2008,0
944,Romania,2008,0
945,Russia,2008,0
946,Senegal,2008,0
947,Serbia,2008,0
948,Slovakia,2008,0
949,Slovenia,2008,0
950,South Africa,2008,0
951,South Korea,2008,1500
952,Spain,2008,0
953,Sri Lanka,2008,0
954,Sudan,2008,0
955,Eswatini,2008,0
956,Sweden,2008,0
957,Syria,2008,0
958,Taiwan,2008,0
959,Tajikistan,2008,0
960,Tanzania,2008,0
961,Thailand,2008,36
962,Turkey,2008,0
963,Ukraine,2008,0
964,United Arab Emirates,2008,0
965,United Kingdom,2008,0
966,United States,2008,1584
967,Uzbekistan,2008,0
968,Venezuela,2008,0
969,Vietnam,2008,0
970,Zambia,2008,0
971,Zimbabwe,2008,0
972,Albania,2009,0
973,Argentina,2009,0
974,Australia,2009,466
975,Austria,2009,0
976,Bangladesh,2009,0
977,Belarus,2009,0
978,Belgium,2009,0
979,Bosnia and Herzegovina,2009,0
980,Botswana,2009,0
981,Brazil,2009,0
982,Brunei,2009,0
983,Bulgaria,2009,121
984,Cambodia,2009,0
985,Canada,2009,0
986,Chile,2009,152
987,China,2009,60728
988,Colombia,2009,0
989,Croatia,2009,0
990,Czech Republic,2009,0
991,Democratic Republic of Congo,2009,0
992,Denmark,2009,0
993,Dominican Republic,2009,0
994,Egypt,2009,0
995,El Salvador,2009,0
996,Ethiopia,2009,0
997,Finland,2009,0
998,France,2009,0
999,Georgia,2009,0
1000,Germany,2009,31
1001,Ghana,2009,0
1002,Greece,2009,0
1003,Guadeloupe,2009,0
1004,Guatemala,2009,0
1005,Guinea,2009,0
1006,Honduras,2009,0
1007,Hong Kong,2009,0
1008,Hungary,2009,0
1009,India,2009,5611
1010,Indonesia,2009,351
1011,Iran,2009,0
1012,Ireland,2009,0
1013,Israel,2009,0
1014,Italy,2009,660
1015,Ivory Coast,2009,0
1016,Jamaica,2009,0
1017,Japan,2009,630
1018,Jordan,2009,0
1019,Kazakhstan,2009,0
1020,Kenya,2009,0
1021,Kosovo,2009,0
1022,Kyrgyzstan,2009,0
1023,Laos,2009,0
1024,Latvia,2009,0
1025,Madagascar,2009,0
1026,Malawi,2009,0
1027,Malaysia,2009,1775
1028,Mauritius,2009,0
1029,Mexico,2009,0
1030,Moldova,2009,0
1031,Mongolia,2009,0
1032,Montenegro,2009,0
1033,Morocco,2009,0
1034,Mozambique,2009,0
1035,Myanmar,2009,0
1036,Namibia,2009,0
1037,Netherlands,2009,0
1038,New Zealand,2009,0
1039,Niger,2009,0
1040,Nigeria,2009,0
1041,North Korea,2009,0
1042,North Macedonia,2009,0
1043,Oman,2009,0
1044,Pakistan,2009,0
1045,Panama,2009,0
1046,Papua New Guinea,2009,0
1047,Peru,2009,0
1048,Philippines,2009,0
1049,Poland,2009,560
1050,Portugal,2009,0
1051,Reunion,2009,0
1052,Romania,2009,0
1053,Russia,2009,750
1054,Senegal,2009,0
1055,Serbia,2009,0
1056,Slovakia,2009,0
1057,Slovenia,2009,0
1058,South Africa,2009,0
1059,South Korea,2009,2359
1060,Spain,2009,0
1061,Sri Lanka,2009,0
1062,Sudan,2009,0
1063,Eswatini,2009,0
1064,Sweden,2009,0
1065,Syria,2009,0
1066,Taiwan,2009,0
1067,Tajikistan,2009,0
1068,Tanzania,2009,0
1069,Thailand,2009,0
1070,Turkey,2009,405
1071,Ukraine,2009,0
1072,United Arab Emirates,2009,0
1073,United Kingdom,2009,0
1074,United States,2009,2597
1075,Uzbekistan,2009,0
1076,Venezuela,2009,0
1077,Vietnam,2009,520
1078,Zambia,2009,0
1079,Zimbabwe,2009,0
1080,Albania,2010,0
1081,Argentina,2010,0
1082,Australia,2010,0
1083,Austria,2010,0
1084,Bangladesh,2010,0
1085,Belarus,2010,0
1086,Belgium,2010,0
1087,Bosnia and Herzegovina,2010,0
1088,Botswana,2010,0
1089,Brazil,2010,414
1090,Brunei,2010,0
1091,Bulgaria,2010,0
1092,Cambodia,2010,0
1093,Canada,2010,0
1094,Chile,2010,419
1095,China,2010,64051
1096,Colombia,2010,0
1097,Croatia,2010,0
1098,Czech Republic,2010,0
1099,Democratic Republic of Congo,2010,0
1100,Denmark,2010,0
1101,Dominican Republic,2010,0
1102,Egypt,2010,0
1103,El Salvador,2010,0
1104,Ethiopia,2010,0
1105,Finland,2010,0
1106,France,2010,0
1107,Georgia,2010,0
1108,Germany,2010,85
1109,Ghana,2010,0
1110,Greece,2010,0
1111,Guadeloupe,2010,0
1112,Guatemala,2010,0
1113,Guinea,2010,0
1114,Honduras,2010,0
1115,Hong Kong,2010,0
1116,Hungary,2010,0
1117,India,2010,12276
1118,Indonesia,2010,646
1119,Iran,2010,0
1120,Ireland,2010,0
1121,Israel,2010,0
1122,Italy,2010,1320
1123,Ivory Coast,2010,0
1124,Jamaica,2010,0
1125,Japan,2010,1010
1126,Jordan,2010,0
1127,Kazakhstan,2010,63
1128,Kenya,2010,0
1129,Kosovo,2010,0
1130,Kyrgyzstan,2010,0
1131,Laos,2010,0
1132,Latvia,2010,0
1133,Madagascar,2010,0
1134,Malawi,2010,0
1135,Malaysia,2010,0
1136,Mauritius,2010,0
1137,Mexico,2010,678
1138,Moldova,2010,0
1139,Mongolia,2010,0
1140,Montenegro,2010,0
1141,Morocco,2010,0
1142,Mozambique,2010,0
1143,Myanmar,2010,0
1144,Namibia,2010,0
1145,Netherlands,2010,0
1146,New Zealand,2010,0
1147,Niger,2010,0
1148,Nigeria,2010,0
1149,North Korea,2010,600
1150,North Macedonia,2010,0
1151,Oman,2010,0
1152,Pakistan,2010,0
1153,Panama,2010,0
1154,Papua New Guinea,2010,0
1155,Peru,2010,0
1156,Philippines,2010,267
1157,Poland,2010,64
1158,Portugal,2010,0
1159,Reunion,2010,0
1160,Romania,2010,0
1161,Russia,2010,0
1162,Senegal,2010,0
1163,Serbia,2010,0
1164,Slovakia,2010,0
1165,Slovenia,2010,0
1166,South Africa,2010,0
1167,South Korea,2010,250
1168,Spain,2010,0
1169,Sri Lanka,2010,0
1170,Sudan,2010,0
1171,Eswatini,2010,0
1172,Sweden,2010,0
1173,Syria,2010,60
1174,Taiwan,2010,0
1175,Tajikistan,2010,0
1176,Tanzania,2010,0
1177,Thailand,2010,85
1178,Turkey,2010,1390
1179,Ukraine,2010,0
1180,United Arab Emirates,2010,0
1181,United Kingdom,2010,0
1182,United States,2010,5879
1183,Uzbekistan,2010,0
1184,Venezuela,2010,0
1185,Vietnam,2010,300
1186,Zambia,2010,0
1187,Zimbabwe,2010,0
1188,Albania,2011,0
1189,Argentina,2011,0
1190,Australia,2011,0
1191,Austria,2011,0
1192,Bangladesh,2011,0
1193,Belarus,2011,0
1194,Belgium,2011,0
1195,Bosnia and Herzegovina,2011,0
1196,Botswana,2011,0
1197,Brazil,2011,0
1198,Brunei,2011,0
1199,Bulgaria,2011,670
1200,Cambodia,2011,0
1201,Canada,2011,495
1202,Chile,2011,710
1203,China,2011,61581
1204,Colombia,2011,0
1205,Croatia,2011,0
1206,Czech Republic,2011,0
1207,Democratic Republic of Congo,2011,0
1208,Denmark,2011,0
1209,Dominican Republic,2011,0
1210,Egypt,2011,0
1211,El Salvador,2011,0
1212,Ethiopia,2011,0
1213,Finland,2011,0
1214,France,2011,0
1215,Georgia,2011,0
1216,Germany,2011,0
1217,Ghana,2011,0
1218,Greece,2011,0
1219,Guadeloupe,2011,38
1220,Guatemala,2011,83
1221,Guinea,2011,0
1222,Honduras,2011,0
1223,Hong Kong,2011,0
1224,Hungary,2011,0
1225,India,2011,15072
1226,Indonesia,2011,4695
1227,Iran,2011,0
1228,Ireland,2011,0
1229,Israel,2011,0
1230,Italy,2011,0
1231,Ivory Coast,2011,0
1232,Jamaica,2011,0
1233,Japan,2011,0
1234,Jordan,2011,0
1235,Kazakhstan,2011,150
1236,Kenya,2011,0
1237,Kosovo,2011,0
1238,Kyrgyzstan,2011,0
1239,Laos,2011,0
1240,Latvia,2011,0
1241,Madagascar,2011,120
1242,Malawi,2011,0
1243,Malaysia,2011,0
1244,Mauritius,2011,0
1245,Mexico,2011,0
1246,Moldova,2011,0
1247,Mongolia,2011,0
1248,Montenegro,2011,0
1249,Morocco,2011,0
1250,Mozambique,2011,0
1251,Myanmar,2011,0
1252,Namibia,2011,0
1253,Netherlands,2011,0
1254,New Zealand,2011,0
1255,Niger,2011,0
1256,Nigeria,2011,0
1257,North Korea,2011,0
1258,North Macedonia,2011,0
1259,Oman,2011,0
1260,Pakistan,2011,0
1261,Panama,2011,120
1262,Papua New Guinea,2011,0
1263,Peru,2011,0
1264,Philippines,2011,349
1265,Poland,2011,858
1266,Portugal,2011,0
1267,Reunion,2011,0
1268,Romania,2011,0
1269,Russia,2011,100
1270,Senegal,2011,30
1271,Serbia,2011,0
1272,Slovakia,2011,0
1273,Slovenia,2011,0
1274,South Africa,2011,0
1275,South Korea,2011,123
1276,Spain,2011,0
1277,Sri Lanka,2011,300
1278,Sudan,2011,0
1279,Eswatini,2011,0
1280,Sweden,2011,0
1281,Syria,2011,0
1282,Taiwan,2011,50
1283,Tajikistan,2011,0
1284,Tanzania,2011,0
1285,Thailand,2011,0
1286,Turkey,2011,600
1287,Ukraine,2011,0
1288,United Arab Emirates,2011,0
1289,United Kingdom,2011,0
1290,United States,2011,4254
1291,Uzbekistan,2011,0
1292,Venezuela,2011,0
1293,Vietnam,2011,1280
1294,Zambia,2011,0
1295,Zimbabwe,2011,0
1296,Albania,2012,0
1297,Argentina,2012,0
1298,Australia,2012,144
1299,Austria,2012,0
1300,Bangladesh,2012,0
1301,Belarus,2012,0
1302,Belgium,2012,0
1303,Bosnia and Herzegovina,2012,0
1304,Botswana,2012,0
1305,Brazil,2012,360
1306,Brunei,2012,0
1307,Bulgaria,2012,0
1308,Cambodia,2012,0
1309,Canada,2012,0
1310,Chile,2012,885
1311,China,2012,52029
1312,Colombia,2012,0
1313,Croatia,2012,0
1314,Czech Republic,2012,0
1315,Democratic Republic of Congo,2012,0
1316,Denmark,2012,0
1317,Dominican Republic,2012,0
1318,Egypt,2012,0
1319,El Salvador,2012,0
1320,Ethiopia,2012,0
1321,Finland,2012,0
1322,France,2012,270
1323,Georgia,2012,0
1324,Germany,2012,2875
1325,Ghana,2012,0
1326,Greece,2012,0
1327,Guadeloupe,2012,0
1328,Guatemala,2012,57
1329,Guinea,2012,0
1330,Honduras,2012,0
1331,Hong Kong,2012,0
1332,Hungary,2012,0
1333,India,2012,18122
1334,Indonesia,2012,4045
1335,Iran,2012,0
1336,Ireland,2012,0
1337,Israel,2012,0
1338,Italy,2012,0
1339,Ivory Coast,2012,0
1340,Jamaica,2012,0
1341,Japan,2012,0
1342,Jordan,2012,0
1343,Kazakhstan,2012,0
1344,Kenya,2012,0
1345,Kosovo,2012,0
1346,Kyrgyzstan,2012,0
1347,Laos,2012,0
1348,Latvia,2012,0
1349,Madagascar,2012,0
1350,Malawi,2012,0
1351,Malaysia,2012,0
1352,Mauritius,2012,0
1353,Mexico,2012,0
1354,Moldova,2012,0
1355,Mongolia,2012,0
1356,Montenegro,2012,0
1357,Morocco,2012,0
1358,Mozambique,2012,0
1359,Myanmar,2012,0
1360,Namibia,2012,0
1361,Netherlands,2012,0
1362,New Zealand,2012,0
1363,Niger,2012,0
1364,Nigeria,2012,0
1365,North Korea,2012,0
1366,North Macedonia,2012,0
1367,Oman,2012,0
1368,Pakistan,2012,0
1369,Panama,2012,0
1370,Papua New Guinea,2012,0
1371,Peru,2012,0
1372,Philippines,2012,0
1373,Poland,2012,0
1374,Portugal,2012,0
1375,Reunion,2012,0
1376,Romania,2012,0
1377,Russia,2012,549
1378,Senegal,2012,0
1379,Serbia,2012,0
1380,Slovakia,2012,0
1381,Slovenia,2012,0
1382,South Africa,2012,0
1383,South Korea,2012,0
1384,Spain,2012,0
1385,Sri Lanka,2012,0
1386,Sudan,2012,0
1387,Eswatini,2012,0
1388,Sweden,2012,0
1389,Syria,2012,0
1390,Taiwan,2012,0
1391,Tajikistan,2012,0
1392,Tanzania,2012,0
1393,Thailand,2012,967
1394,Turkey,2012,0
1395,Ukraine,2012,0
1396,United Arab Emirates,2012,0
1397,United Kingdom,2012,0
1398,United States,2012,3953
1399,Uzbekistan,2012,0
1400,Venezuela,2012,0
1401,Vietnam,2012,480
1402,Zambia,2012,0
1403,Zimbabwe,2012,0
1404,Albania,2013,0
1405,Argentina,2013,0
1406,Australia,2013,0
1407,Austria,2013,0
1408,Bangladesh,2013,0
1409,Belarus,2013,0
1410,Belgium,2013,0
1411,Bosnia and Herzegovina,2013,0
1412,Botswana,2013,300
1413,Brazil,2013,1085
1414,Brunei,2013,0
1415,Bulgaria,2013,0
1416,Cambodia,2013,0
1417,Canada,2013,0
1418,Chile,2013,270
1419,China,2013,51729
1420,Colombia,2013,0
1421,Croatia,2013,0
1422,Czech Republic,2013,0
1423,Democratic Republic of Congo,2013,0
1424,Denmark,2013,0
1425,Dominican Republic,2013,0
1426,Egypt,2013,0
1427,El Salvador,2013,0
1428,Ethiopia,2013,0
1429,Finland,2013,0
1430,France,2013,0
1431,Georgia,2013,0
1432,Germany,2013,1600
1433,Ghana,2013,0
1434,Greece,2013,0
1435,Guadeloupe,2013,0
1436,Guatemala,2013,46
1437,Guinea,2013,0
1438,Honduras,2013,0
1439,Hong Kong,2013,0
1440,Hungary,2013,0
1441,India,2013,18408
1442,Indonesia,2013,2024
1443,Iran,2013,0
1444,Ireland,2013,0
1445,Israel,2013,0
1446,Italy,2013,0
1447,Ivory Coast,2013,0
1448,Jamaica,2013,0
1449,Japan,2013,1850
1450,Jordan,2013,0
1451,Kazakhstan,2013,60
1452,Kenya,2013,0
1453,Kosovo,2013,0
1454,Kyrgyzstan,2013,0
1455,Laos,2013,0
1456,Latvia,2013,0
1457,Madagascar,2013,0
1458,Malawi,2013,0
1459,Malaysia,2013,0
1460,Mauritius,2013,0
1461,Mexico,2013,0
1462,Moldova,2013,0
1463,Mongolia,2013,0
1464,Montenegro,2013,0
1465,Morocco,2013,0
1466,Mozambique,2013,0
1467,Myanmar,2013,0
1468,Namibia,2013,0
1469,Netherlands,2013,0
1470,New Zealand,2013,0
1471,Niger,2013,0
1472,Nigeria,2013,0
1473,North Korea,2013,0
1474,North Macedonia,2013,0
1475,Oman,2013,0
1476,Pakistan,2013,0
1477,Panama,2013,0
1478,Papua New Guinea,2013,0
1479,Peru,2013,0
1480,Philippines,2013,600
1481,Poland,2013,50
1482,Portugal,2013,0
1483,Reunion,2013,0
1484,Romania,2013,0
1485,Russia,2013,716
1486,Senegal,2013,0
1487,Serbia,2013,0
1488,Slovakia,2013,0
1489,Slovenia,2013,0
1490,South Africa,2013,0
1491,South Korea,2013,60
1492,Spain,2013,0
1493,Sri Lanka,2013,0
1494,Sudan,2013,0
1495,Eswatini,2013,0
1496,Sweden,2013,0
1497,Syria,2013,0
1498,Taiwan,2013,0
1499,Tajikistan,2013,0
1500,Tanzania,2013,0
1501,Thailand,2013,0
1502,Turkey,2013,188
1503,Ukraine,2013,0
1504,United Arab Emirates,2013,0
1505,United Kingdom,2013,0
1506,United States,2013,1813
1507,Uzbekistan,2013,0
1508,Venezuela,2013,0
1509,Vietnam,2013,1040
1510,Zambia,2013,0
1511,Zimbabwe,2013,0
1512,Albania,2014,0
1513,Argentina,2014,0
1514,Australia,2014,0
1515,Austria,2014,0
1516,Bangladesh,2014,0
1517,Belarus,2014,0
1518,Belgium,2014,0
1519,Bosnia and Herzegovina,2014,0
1520,Botswana,2014,300
1521,Brazil,2014,0
1522,Brunei,2014,0
1523,Bulgaria,2014,0
1524,Cambodia,2014,235
1525,Canada,2014,110
1526,Chile,2014,0
1527,China,2014,39057
1528,Colombia,2014,0
1529,Croatia,2014,0
1530,Czech Republic,2014,135
1531,Democratic Republic of Congo,2014,0
1532,Denmark,2014,0
1533,Dominican Republic,2014,0
1534,Egypt,2014,0
1535,El Salvador,2014,0
1536,Ethiopia,2014,0
1537,Finland,2014,0
1538,France,2014,0
1539,Georgia,2014,0
1540,Germany,2014,1710
1541,Ghana,2014,0
1542,Greece,2014,0
1543,Guadeloupe,2014,0
1544,Guatemala,2014,165
1545,Guinea,2014,0
1546,Honduras,2014,0
1547,Hong Kong,2014,0
1548,Hungary,2014,0
1549,India,2014,20799
1550,Indonesia,2014,1080
1551,Iran,2014,0
1552,Ireland,2014,0
1553,Israel,2014,0
1554,Italy,2014,0
1555,Ivory Coast,2014,0
1556,Jamaica,2014,0
1557,Japan,2014,0
1558,Jordan,2014,0
1559,Kazakhstan,2014,0
1560,Kenya,2014,0
1561,Kosovo,2014,0
1562,Kyrgyzstan,2014,0
1563,Laos,2014,0
1564,Latvia,2014,0
1565,Madagascar,2014,0
1566,Malawi,2014,0
1567,Malaysia,2014,0
1568,Mauritius,2014,0
1569,Mexico,2014,0
1570,Moldova,2014,0
1571,Mongolia,2014,50
1572,Montenegro,2014,0
1573,Morocco,2014,700
1574,Mozambique,2014,0
1575,Myanmar,2014,0
1576,Namibia,2014,0
1577,Netherlands,2014,0
1578,New Zealand,2014,0
1579,Niger,2014,0
1580,Nigeria,2014,0
1581,North Korea,2014,0
1582,North Macedonia,2014,0
1583,Oman,2014,0
1584,Pakistan,2014,0
1585,Panama,2014,0
1586,Papua New Guinea,2014,0
1587,Peru,2014,0
1588,Philippines,2014,82
1589,Poland,2014,0
1590,Portugal,2014,0
1591,Reunion,2014,0
1592,Romania,2014,0
1593,Russia,2014,1126
1594,Senegal,2014,0
1595,Serbia,2014,0
1596,Slovakia,2014,0
1597,Slovenia,2014,0
1598,South Africa,2014,0
1599,South Korea,2014,1800
1600,Spain,2014,0
1601,Sri Lanka,2014,600
1602,Sudan,2014,0
1603,Eswatini,2014,0
1604,Sweden,2014,0
1605,Syria,2014,0
1606,Taiwan,2014,0
1607,Tajikistan,2014,100
1608,Tanzania,2014,0
1609,Thailand,2014,0
1610,Turkey,2014,1597
1611,Ukraine,2014,0
1612,United Arab Emirates,2014,0
1613,United Kingdom,2014,0
1614,United States,2014,106
1615,Uzbekistan,2014,0
1616,Venezuela,2014,0
1617,Vietnam,2014,3104
1618,Zambia,2014,0
1619,Zimbabwe,2014,0
1620,Albania,2015,0
1621,Argentina,2015,120
1622,Australia,2015,0
1623,Austria,2015,0
1624,Bangladesh,2015,0
1625,Belarus,2015,0
1626,Belgium,2015,0
1627,Bosnia and Herzegovina,2015,0
1628,Botswana,2015,0
1629,Brazil,2015,0
1630,Brunei,2015,0
1631,Bulgaria,2015,0
1632,Cambodia,2015,135
1633,Canada,2015,0
1634,Chile,2015,152
1635,China,2015,65037
1636,Colombia,2015,164
1637,Croatia,2015,0
1638,Czech Republic,2015,0
1639,Democratic Republic of Congo,2015,0
1640,Denmark,2015,0
1641,Dominican Republic,2015,0
1642,Egypt,2015,0
1643,El Salvador,2015,0
1644,Ethiopia,2015,0
1645,Finland,2015,0
1646,France,2015,0
1647,Georgia,2015,0
1648,Germany,2015,3472
1649,Ghana,2015,0
1650,Greece,2015,0
1651,Guadeloupe,2015,0
1652,Guatemala,2015,159
1653,Guinea,2015,0
1654,Honduras,2015,70
1655,Hong Kong,2015,0
1656,Hungary,2015,0
1657,India,2015,20090
1658,Indonesia,2015,2421
1659,Iran,2015,0
1660,Ireland,2015,0
1661,Israel,2015,0
1662,Italy,2015,0
1663,Ivory Coast,2015,0
1664,Jamaica,2015,0
1665,Japan,2015,38
1666,Jordan,2015,0
1667,Kazakhstan,2015,283
1668,Kenya,2015,0
1669,Kosovo,2015,0
1670,Kyrgyzstan,2015,0
1671,Laos,2015,1252
1672,Latvia,2015,0
1673,Madagascar,2015,0
1674,Malawi,2015,0
1675,Malaysia,2015,1000
1676,Mauritius,2015,0
1677,Mexico,2015,0
1678,Moldova,2015,0
1679,Mongolia,2015,125
1680,Montenegro,2015,0
1681,Morocco,2015,0
1682,Mozambique,2015,0
1683,Myanmar,2015,0
1684,Namibia,2015,0
1685,Netherlands,2015,2400
1686,New Zealand,2015,0
1687,Niger,2015,0
1688,Nigeria,2015,0
1689,North Korea,2015,0
1690,North Macedonia,2015,0
1691,Oman,2015,0
1692,Pakistan,2015,0
1693,Panama,2015,0
1694,Papua New Guinea,2015,0
1695,Peru,2015,0
1696,Philippines,2015,585
1697,Poland,2015,55
1698,Portugal,2015,0
1699,Reunion,2015,0
1700,Romania,2015,0
1701,Russia,2015,225
1702,Senegal,2015,0
1703,Serbia,2015,0
1704,Slovakia,2015,0
1705,Slovenia,2015,600
1706,South Africa,2015,795
1707,South Korea,2015,0
1708,Spain,2015,0
1709,Sri Lanka,2015,0
1710,Sudan,2015,0
1711,Eswatini,2015,0
1712,Sweden,2015,0
1713,Syria,2015,0
1714,Taiwan,2015,0
1715,Tajikistan,2015,0
1716,Tanzania,2015,0
1717,Thailand,2015,0
1718,Turkey,2015,1140
1719,Ukraine,2015,0
1720,United Arab Emirates,2015,0
1721,United Kingdom,2015,0
1722,United States,2015,50
1723,Uzbekistan,2015,0
1724,Venezuela,2015,0
1725,Vietnam,2015,4475
1726,Zambia,2015,30
1727,Zimbabwe,2015,0
1728,Albania,2016,0
1729,Argentina,2016,0
1730,Australia,2016,0
1731,Austria,2016,0
1732,Bangladesh,2016,0
1733,Belarus,2016,0
1734,Belgium,2016,0
1735,Bosnia and Herzegovina,2016,300
1736,Botswana,2016,0
1737,Brazil,2016,0
1738,Brunei,2016,0
1739,Bulgaria,2016,0
1740,Cambodia,2016,0
1741,Canada,2016,0
1742,Chile,2016,531
1743,China,2016,49405
1744,Colombia,2016,160
1745,Croatia,2016,0
1746,Czech Republic,2016,750
1747,Democratic Republic of Congo,2016,0
1748,Denmark,2016,0
1749,Dominican Republic,2016,0
1750,Egypt,2016,0
1751,El Salvador,2016,0
1752,Ethiopia,2016,0
1753,Finland,2016,0
1754,France,2016,0
1755,Georgia,2016,0
1756,Germany,2016,0
1757,Ghana,2016,0
1758,Greece,2016,0
1759,Guadeloupe,2016,0
1760,Guatemala,2016,362
1761,Guinea,2016,0
1762,Honduras,2016,0
1763,Hong Kong,2016,0
1764,Hungary,2016,0
1765,India,2016,18965
1766,Indonesia,2016,1219
1767,Iran,2016,0
1768,Ireland,2016,0
1769,Israel,2016,0
1770,Italy,2016,0
1771,Ivory Coast,2016,0
1772,Jamaica,2016,0
1773,Japan,2016,112
1774,Jordan,2016,0
1775,Kazakhstan,2016,0
1776,Kenya,2016,0
1777,Kosovo,2016,0
1778,Kyrgyzstan,2016,0
1779,Laos,2016,626
1780,Latvia,2016,0
1781,Madagascar,2016,0
1782,Malawi,2016,0
1783,Malaysia,2016,1000
1784,Mauritius,2016,0
1785,Mexico,2016,0
1786,Moldova,2016,0
1787,Mongolia,2016,0
1788,Montenegro,2016,0
1789,Morocco,2016,0
1790,Mozambique,2016,0
1791,Myanmar,2016,0
1792,Namibia,2016,0
1793,Netherlands,2016,1100
1794,New Zealand,2016,0
1795,Niger,2016,0
1796,Nigeria,2016,0
1797,North Korea,2016,0
1798,North Macedonia,2016,0
1799,Oman,2016,0
1800,Pakistan,2016,40
1801,Panama,2016,0
1802,Papua New Guinea,2016,0
1803,Peru,2016,0
1804,Philippines,2016,1314
1805,Poland,2016,50
1806,Portugal,2016,0
1807,Reunion,2016,0
1808,Romania,2016,0
1809,Russia,2016,1130
1810,Senegal,2016,0
1811,Serbia,2016,0
1812,Slovakia,2016,0
1813,Slovenia,2016,0
1814,South Africa,2016,0
1815,South Korea,2016,5486
1816,Spain,2016,0
1817,Sri Lanka,2016,0
1818,Sudan,2016,0
1819,Eswatini,2016,0
1820,Sweden,2016,0
1821,Syria,2016,0
1822,Taiwan,2016,800
1823,Tajikistan,2016,300
1824,Tanzania,2016,0
1825,Thailand,2016,0
1826,Turkey,2016,1850
1827,Ukraine,2016,0
1828,United Arab Emirates,2016,0
1829,United Kingdom,2016,0
1830,United States,2016,0
1831,Uzbekistan,2016,150
1832,Venezuela,2016,0
1833,Vietnam,2016,300
1834,Zambia,2016,300
1835,Zimbabwe,2016,0
1836,Albania,2017,0
1837,Argentina,2017,0
1838,Australia,2017,0
1839,Austria,2017,0
1840,Bangladesh,2017,0
1841,Belarus,2017,0
1842,Belgium,2017,0
1843,Bosnia and Herzegovina,2017,0
1844,Botswana,2017,0
1845,Brazil,2017,0
1846,Brunei,2017,0
1847,Bulgaria,2017,53
1848,Cambodia,2017,135
1849,Canada,2017,0
1850,Chile,2017,0
1851,China,2017,39546
1852,Colombia,2017,0
1853,Croatia,2017,0
1854,Czech Republic,2017,0
1855,Democratic Republic of Congo,2017,0
1856,Denmark,2017,0
1857,Dominican Republic,2017,0
1858,Egypt,2017,0
1859,El Salvador,2017,0
1860,Ethiopia,2017,0
1861,Finland,2017,0
1862,France,2017,0
1863,Georgia,2017,0
1864,Germany,2017,0
1865,Ghana,2017,0
1866,Greece,2017,0
1867,Guadeloupe,2017,0
1868,Guatemala,2017,0
1869,Guinea,2017,0
1870,Honduras,2017,0
1871,Hong Kong,2017,0
1872,Hungary,2017,0
1873,India,2017,8988
1874,Indonesia,2017,1464
1875,Iran,2017,0
1876,Ireland,2017,0
1877,Israel,2017,0
1878,Italy,2017,0
1879,Ivory Coast,2017,0
1880,Jamaica,2017,0
1881,Japan,2017,500
1882,Jordan,2017,0
1883,Kazakhstan,2017,0
1884,Kenya,2017,0
1885,Kosovo,2017,0
1886,Kyrgyzstan,2017,300
1887,Laos,2017,0
1888,Latvia,2017,0
1889,Madagascar,2017,0
1890,Malawi,2017,0
1891,Malaysia,2017,1000
1892,Mauritius,2017,0
1893,Mexico,2017,0
1894,Moldova,2017,0
1895,Mongolia,2017,0
1896,Montenegro,2017,0
1897,Morocco,2017,350
1898,Mozambique,2017,0
1899,Myanmar,2017,40
1900,Namibia,2017,0
1901,Netherlands,2017,0
1902,New Zealand,2017,0
1903,Niger,2017,0
1904,Nigeria,2017,0
1905,North Korea,2017,200
1906,North Macedonia,2017,0
1907,Oman,2017,0
1908,Pakistan,2017,2260
1909,Panama,2017,0
1910,Papua New Guinea,2017,0
1911,Peru,2017,0
1912,Philippines,2017,465
1913,Poland,2017,1075
1914,Portugal,2017,0
1915,Reunion,2017,0
1916,Romania,2017,0
1917,Russia,2017,0
1918,Senegal,2017,0
1919,Serbia,2017,0
1920,Slovakia,2017,0
1921,Slovenia,2017,0
1922,South Africa,2017,1590
1923,South Korea,2017,5262
1924,Spain,2017,0
1925,Sri Lanka,2017,0
1926,Sudan,2017,0
1927,Eswatini,2017,0
1928,Sweden,2017,0
1929,Syria,2017,0
1930,Taiwan,2017,800
1931,Tajikistan,2017,0
1932,Tanzania,2017,0
1933,Thailand,2017,0
1934,Turkey,2017,1320
1935,Ukraine,2017,0
1936,United Arab Emirates,2017,0
1937,United Kingdom,2017,0
1938,United States,2017,0
1939,Uzbekistan,2017,0
1940,Venezuela,2017,0
1941,Vietnam,2017,2295
1942,Zambia,2017,0
1943,Zimbabwe,2017,0
1944,Albania,2018,0
1945,Argentina,2018,0
1946,Australia,2018,0
1947,Austria,2018,0
1948,Bangladesh,2018,275
1949,Belarus,2018,0
1950,Belgium,2018,0
1951,Bosnia and Herzegovina,2018,0
1952,Botswana,2018,0
1953,Brazil,2018,0
1954,Brunei,2018,0
1955,Bulgaria,2018,0
1956,Cambodia,2018,0
1957,Canada,2018,0
1958,Chile,2018,0
1959,China,2018,33476
1960,Colombia,2018,273
1961,Croatia,2018,0
1962,Czech Republic,2018,0
1963,Democratic Republic of Congo,2018,0
1964,Denmark,2018,0
1965,Dominican Republic,2018,0
1966,Egypt,2018,0
1967,El Salvador,2018,0
1968,Ethiopia,2018,0
1969,Finland,2018,0
1970,France,2018,0
1971,Georgia,2018,0
1972,Germany,2018,0
1973,Ghana,2018,0
1974,Greece,2018,0
1975,Guadeloupe,2018,0
1976,Guatemala,2018,0
1977,Guinea,2018,0
1978,Honduras,2018,35
1979,Hong Kong,2018,0
1980,Hungary,2018,0
1981,India,2018,8380
1982,Indonesia,2018,730
1983,Iran,2018,0
1984,Ireland,2018,0
1985,Israel,2018,0
1986,Italy,2018,0
1987,Ivory Coast,2018,0
1988,Jamaica,2018,0
1989,Japan,2018,576
1990,Jordan,2018,30
1991,Kazakhstan,2018,0
1992,Kenya,2018,0
1993,Kosovo,2018,0
1994,Kyrgyzstan,2018,0
1995,Laos,2018,0
1996,Latvia,2018,0
1997,Madagascar,2018,0
1998,Malawi,2018,0
1999,Malaysia,2018,0
2000,Mauritius,2018,0
2001,Mexico,2018,0
2002,Moldova,2018,0
2003,Mongolia,2018,0
2004,Montenegro,2018,0
2005,Morocco,2018,1386
2006,Mozambique,2018,0
2007,Myanmar,2018,0
2008,Namibia,2018,0
2009,Netherlands,2018,0
2010,New Zealand,2018,0
2011,Niger,2018,0
2012,Nigeria,2018,0
2013,North Korea,2018,0
2014,North Macedonia,2018,0
2015,Oman,2018,0
2016,Pakistan,2018,660
2017,Panama,2018,306
2018,Papua New Guinea,2018,0
2019,Peru,2018,0
2020,Philippines,2018,720
2021,Poland,2018,220
2022,Portugal,2018,0
2023,Reunion,2018,0
2024,Romania,2018,0
2025,Russia,2018,0
2026,Senegal,2018,0
2027,Serbia,2018,0
2028,Slovakia,2018,0
2029,Slovenia,2018,0
2030,South Africa,2018,795
2031,South Korea,2018,0
2032,Spain,2018,0
2033,Sri Lanka,2018,0
2034,Sudan,2018,0
2035,Eswatini,2018,0
2036,Sweden,2018,0
2037,Syria,2018,0
2038,Taiwan,2018,1649
2039,Tajikistan,2018,0
2040,Tanzania,2018,0
2041,Thailand,2018,0
2042,Turkey,2018,330
2043,Ukraine,2018,0
2044,United Arab Emirates,2018,0
2045,United Kingdom,2018,0
2046,United States,2018,0
2047,Uzbekistan,2018,0
2048,Venezuela,2018,0
2049,Vietnam,2018,2225
2050,Zambia,2018,0
2051,Zimbabwe,2018,30
2052,Albania,2019,0
2053,Argentina,2019,0
2054,Australia,2019,0
2055,Austria,2019,0
2056,Bangladesh,2019,0
2057,Belarus,2019,0
2058,Belgium,2019,0
2059,Bosnia and Herzegovina,2019,0
2060,Botswana,2019,0
2061,Brazil,2019,345
2062,Brunei,2019,220
2063,Bulgaria,2019,0
2064,Cambodia,2019,0
2065,Canada,2019,0
2066,Chile,2019,375
2067,China,2019,48856
2068,Colombia,2019,0
2069,Croatia,2019,0
2070,Czech Republic,2019,0
2071,Democratic Republic of Congo,2019,0
2072,Denmark,2019,0
2073,Dominican Republic,2019,376
2074,Egypt,2019,0
2075,El Salvador,2019,0
2076,Ethiopia,2019,0
2077,Finland,2019,0
2078,France,2019,0
2079,Georgia,2019,0
2080,Germany,2019,0
2081,Ghana,2019,0
2082,Greece,2019,0
2083,Guadeloupe,2019,0
2084,Guatemala,2019,0
2085,Guinea,2019,0
2086,Honduras,2019,0
2087,Hong Kong,2019,0
2088,Hungary,2019,0
2089,India,2019,8635
2090,Indonesia,2019,2991
2091,Iran,2019,0
2092,Ireland,2019,0
2093,Israel,2019,0
2094,Italy,2019,0
2095,Ivory Coast,2019,0
2096,Jamaica,2019,0
2097,Japan,2019,1224
2098,Jordan,2019,0
2099,Kazakhstan,2019,0
2100,Kenya,2019,0
2101,Kosovo,2019,0
2102,Kyrgyzstan,2019,0
2103,Laos,2019,0
2104,Latvia,2019,0
2105,Madagascar,2019,0
2106,Malawi,2019,0
2107,Malaysia,2019,2600
2108,Mauritius,2019,0
2109,Mexico,2019,0
2110,Moldova,2019,0
2111,Mongolia,2019,35
2112,Montenegro,2019,0
2113,Morocco,2019,0
2114,Mozambique,2019,0
2115,Myanmar,2019,0
2116,Namibia,2019,0
2117,Netherlands,2019,0
2118,New Zealand,2019,0
2119,Niger,2019,0
2120,Nigeria,2019,0
2121,North Korea,2019,0
2122,North Macedonia,2019,0
2123,Oman,2019,0
2124,Pakistan,2019,1980
2125,Panama,2019,0
2126,Papua New Guinea,2019,0
2127,Peru,2019,0
2128,Philippines,2019,1500
2129,Poland,2019,1800
2130,Portugal,2019,0
2131,Reunion,2019,0
2132,Romania,2019,0
2133,Russia,2019,120
2134,Senegal,2019,0
2135,Serbia,2019,0
2136,Slovakia,2019,0
2137,Slovenia,2019,0
2138,South Africa,2019,1590
2139,South Korea,2019,269
2140,Spain,2019,0
2141,Sri Lanka,2019,0
2142,Sudan,2019,0
2143,Eswatini,2019,0
2144,Sweden,2019,0
2145,Syria,2019,0
2146,Taiwan,2019,800
2147,Tajikistan,2019,0
2148,Tanzania,2019,0
2149,Thailand,2019,805
2150,Turkey,2019,550
2151,Ukraine,2019,0
2152,United Arab Emirates,2019,0
2153,United Kingdom,2019,0
2154,United States,2019,0
2155,Uzbekistan,2019,0
2156,Venezuela,2019,0
2157,Vietnam,2019,1200
2158,Zambia,2019,0
2159,Zimbabwe,2019,0
2160,Albania,2020,0
2161,Argentina,2020,0
2162,Australia,2020,0
2163,Austria,2020,0
2164,Bangladesh,2020,660
2165,Belarus,2020,0
2166,Belgium,2020,0
2167,Bosnia and Herzegovina,2020,0
2168,Botswana,2020,0
2169,Brazil,2020,0
2170,Brunei,2020,0
2171,Bulgaria,2020,0
2172,Cambodia,2020,150
2173,Canada,2020,0
2174,Chile,2020,0
2175,China,2020,38390
2176,Colombia,2020,0
2177,Croatia,2020,0
2178,Czech Republic,2020,660
2179,Democratic Republic of Congo,2020,0
2180,Denmark,2020,0
2181,Dominican Republic,2020,376
2182,Egypt,2020,0
2183,El Salvador,2020,0
2184,Ethiopia,2020,0
2185,Finland,2020,0
2186,France,2020,0
2187,Georgia,2020,0
2188,Germany,2020,1100
2189,Ghana,2020,0
2190,Greece,2020,0
2191,Guadeloupe,2020,0
2192,Guatemala,2020,0
2193,Guinea,2020,0
2194,Honduras,2020,0
2195,Hong Kong,2020,0
2196,Hungary,2020,0
2197,India,2020,2000
2198,Indonesia,2020,1341
2199,Iran,2020,0
2200,Ireland,2020,0
2201,Israel,2020,0
2202,Italy,2020,0
2203,Ivory Coast,2020,0
2204,Jamaica,2020,0
2205,Japan,2020,1957
2206,Jordan,2020,0
2207,Kazakhstan,2020,0
2208,Kenya,2020,0
2209,Kosovo,2020,0
2210,Kyrgyzstan,2020,0
2211,Laos,2020,0
2212,Latvia,2020,0
2213,Madagascar,2020,0
2214,Malawi,2020,0
2215,Malaysia,2020,0
2216,Mauritius,2020,0
2217,Mexico,2020,0
2218,Moldova,2020,0
2219,Mongolia,2020,0
2220,Montenegro,2020,0
2221,Morocco,2020,0
2222,Mozambique,2020,0
2223,Myanmar,2020,0
2224,Namibia,2020,0
2225,Netherlands,2020,0
2226,New Zealand,2020,0
2227,Niger,2020,0
2228,Nigeria,2020,0
2229,North Korea,2020,0
2230,North Macedonia,2020,0
2231,Oman,2020,0
2232,Pakistan,2020,0
2233,Panama,2020,0
2234,Papua New Guinea,2020,0
2235,Peru,2020,0
2236,Philippines,2020,335
2237,Poland,2020,910
2238,Portugal,2020,0
2239,Reunion,2020,0
2240,Romania,2020,0
2241,Russia,2020,321
2242,Senegal,2020,0
2243,Serbia,2020,0
2244,Slovakia,2020,0
2245,Slovenia,2020,0
2246,South Africa,2020,795
2247,South Korea,2020,0
2248,Spain,2020,0
2249,Sri Lanka,2020,0
2250,Sudan,2020,0
2251,Eswatini,2020,0
2252,Sweden,2020,0
2253,Syria,2020,0
2254,Taiwan,2020,0
2255,Tajikistan,2020,0
2256,Tanzania,2020,0
2257,Thailand,2020,0
2258,Turkey,2020,0
2259,Ukraine,2020,0
2260,United Arab Emirates,2020,0
2261,United Kingdom,2020,0
2262,United States,2020,0
2263,Uzbekistan,2020,0
2264,Venezuela,2020,0
2265,Vietnam,2020,1288
2266,Zambia,2020,0
2267,Zimbabwe,2020,0
